categoria,name,photos,url
Arnaud Mariat,a galaxy in space,"[{'url': 'https://images.unsplash.com/profile-1571498865755-db2ef8e14f65image?fm=jpg&amp;q=60&amp;w=3000&amp;ixlib=rb-4.0.3&amp;crop=faces&amp;fit=crop&amp;h=32', 'path': 'full/76406696870665a7defc4e3b225175c303a04b67.jpg', 'checksum': 'e3acc9fd4a2396b04d010f7190be039a', 'status': 'uptodate'}]",https://unsplash.com/photos/a-galaxy-in-space-zIUT8p0T9-A
spacex,timelapse photography of light,"[{'url': 'https://images.unsplash.com/profile-1457364476443-bc2ab92c9689?fm=jpg&amp;q=60&amp;w=3000&amp;ixlib=rb-4.0.3&amp;crop=faces&amp;fit=crop&amp;h=32', 'path': 'full/bd09a102e34991c2833db717828eea339168d867.jpg', 'checksum': '4f655c65845bc35af3047d5f6b8b214e', 'status': 'uptodate'}, {'url': 'https://images.unsplash.com/photo-1465788786008-f75a725b34e9?fm=jpg&amp;q=60&amp;w=3000&amp;ixlib=rb-4.0.3&amp;ixid=M3wxMjA3fDB8MHxwaG90by1wYWdlfHx8fGVufDB8fHx8fA%3D%3D', 'path': 'full/a556e2f995b72378f4daa9384e01bf78bbadbf93.jpg', 'checksum': '323e2d2178184c46b4ec5d18513bf81a', 'status': 'uptodate'}, {'url': 'https://images.unsplash.com/photo-1465788786008-f75a725b34e9?fm=jpg&amp;q=60&amp;w=3000&amp;ixlib=rb-4.0.3&amp;ixid=M3wxMjA3fDB8MHxwaG90by1wYWdlfHx8fGVufDB8fHx8fA%3D%3D', 'path': 'full/a556e2f995b72378f4daa9384e01bf78bbadbf93.jpg', 'checksum': '323e2d2178184c46b4ec5d18513bf81a', 'status': 'uptodate'}, {'url': 'https://images.unsplash.com/photo-1451187580459-43490279c0fa?fm=jpg&amp;q=60&amp;w=3000&amp;ixlib=rb-4.0.3&amp;ixid=M3wxMjA3fDB8MHxjb2xsZWN0aW9uLXRodW1ibmFpbHx8MjA0MjczMHx8ZW58MHx8fHx8', 'path': 'full/87e5282dfc513e33a43b09677ef291e28b889b44.jpg', 'checksum': 'e6f12fbeac101b85cbfec213816d73e6', 'status': 'uptodate'}, {'url': 'https://images.unsplash.com/photo-1465788786008-f75a725b34e9?fm=jpg&amp;q=60&amp;w=3000&amp;ixlib=rb-4.0.3&amp;ixid=M3wxMjA3fDB8MHxjb2xsZWN0aW9uLXRodW1ibmFpbHx8MjA0MjczMHx8ZW58MHx8fHx8', 'path': 'full/6e942d369cf8b34d786f778ac54b555a49f47454.jpg', 'checksum': '323e2d2178184c46b4ec5d18513bf81a', 'status': 'uptodate'}, {'url': 'https://images.unsplash.com/photo-1516801967339-cb50a3ce7781?fm=jpg&amp;q=60&amp;w=3000&amp;ixlib=rb-4.0.3&amp;ixid=M3wxMjA3fDB8MHxjb2xsZWN0aW9uLXRodW1ibmFpbHx8MjA0MjczMHx8ZW58MHx8fHx8', 'path': 'full/c3ff914908daf062dd70d0d701c3adecc3a0f5d2.jpg', 'checksum': '15caa447e05e1960ba2211a2a4ae2f1f', 'status': 'uptodate'}, {'url': 'https://images.unsplash.com/photo-1525081905268-fc0b46e9d786?fm=jpg&amp;q=60&amp;w=3000&amp;ixlib=rb-4.0.3&amp;ixid=M3wxMjA3fDB8MHxjb2xsZWN0aW9uLXRodW1ibmFpbHx8MjQ0ODQwNXx8ZW58MHx8fHx8', 'path': 'full/5314f4f21e282ae89ebbcd97e26f67004974f13b.jpg', 'checksum': '312d5fc7f0b3d2f83f3e7b4d0ff13fd8', 'status': 'uptodate'}, {'url': 'https://images.unsplash.com/photo-1517976547714-720226b864c1?fm=jpg&amp;q=60&amp;w=3000&amp;ixlib=rb-4.0.3&amp;ixid=M3wxMjA3fDB8MHxjb2xsZWN0aW9uLXRodW1ibmFpbHx8MjQ0ODQwNXx8ZW58MHx8fHx8', 'path': 'full/b7a8a1294735fa9576e1ed071adcdc301c9d787d.jpg', 'checksum': 'e2dfdd4a215529611ff014af09758ad3', 'status': 'uptodate'}, {'url': 'https://images.unsplash.com/photo-1499294715495-24a847666a57?fm=jpg&amp;q=60&amp;w=3000&amp;ixlib=rb-4.0.3&amp;ixid=M3wxMjA3fDB8MHxjb2xsZWN0aW9uLXRodW1ibmFpbHx8MjQ0ODQwNXx8ZW58MHx8fHx8', 'path': 'full/7f35f9ce6070191480f864d6b741c684861fa8a6.jpg', 'checksum': '6029ac605376cf7fb46aeea47b23c5b7', 'status': 'uptodate'}, {'url': 'https://images.unsplash.com/photo-1530114227993-74d58527b797?fm=jpg&amp;q=60&amp;w=3000&amp;ixlib=rb-4.0.3&amp;ixid=M3wxMjA3fDB8MHxjb2xsZWN0aW9uLXRodW1ibmFpbHx8MzM5Mjc1Nnx8ZW58MHx8fHx8', 'path': 'full/7b6c93150b490a7902cbf089d51b05e0547355e4.jpg', 'checksum': '13a0cd1d8a136a6fdb012134fa9fddce', 'status': 'uptodate'}, {'url': 'https://images.unsplash.com/photo-1530713003313-00a952f4a72b?fm=jpg&amp;q=60&amp;w=3000&amp;ixlib=rb-4.0.3&amp;ixid=M3wxMjA3fDB8MHxjb2xsZWN0aW9uLXRodW1ibmFpbHx8MzM5Mjc1Nnx8ZW58MHx8fHx8', 'path': 'full/d10a2554838af90abc889f68f0ca8297706f816e.jpg', 'checksum': '563155df083f0d63a7c57e583d8b8f65', 'status': 'uptodate'}, {'url': 'https://images.unsplash.com/photo-1533732533124-5e089ed02342?fm=jpg&amp;q=60&amp;w=3000&amp;ixlib=rb-4.0.3&amp;ixid=M3wxMjA3fDB8MHxjb2xsZWN0aW9uLXRodW1ibmFpbHx8MzM5Mjc1Nnx8ZW58MHx8fHx8', 'path': 'full/5bfac9e77b6e1aa7362153a277a179c8eb28e3e0.jpg', 'checksum': '4b80c1b4d399d703c68a6c55d6ad87cc', 'status': 'uptodate'}]",https://unsplash.com/photos/timelapse-photography-of-light-PIOgkhaF3WA
dougwalters,brown planet,"[{'url': 'https://images.unsplash.com/placeholder-avatars/extra-large.jpg?fm=jpg&amp;q=60&amp;w=3000&amp;ixlib=rb-4.0.3&amp;crop=faces&amp;fit=crop&amp;h=32', 'path': 'full/a94c6edcd785974ea93e5e21fae5b3fd419e72fe.jpg', 'checksum': '2ff9e034f6579a6ba51c908c980d2cc6', 'status': 'uptodate'}, {'url': 'https://images.unsplash.com/photo-1443456066412-3e3ea69ee37c?fm=jpg&amp;q=60&amp;w=3000&amp;ixlib=rb-4.0.3&amp;ixid=M3wxMjA3fDB8MHxwaG90by1wYWdlfHx8fGVufDB8fHx8fA%3D%3D', 'path': 'full/c59e0df88fa5116c456d66b64d03f21a7426f13f.jpg', 'checksum': '84c9911a74be9c768db37bcbd7c6b0b0', 'status': 'uptodate'}, {'url': 'https://images.unsplash.com/photo-1443456066412-3e3ea69ee37c?fm=jpg&amp;q=60&amp;w=3000&amp;ixlib=rb-4.0.3&amp;ixid=M3wxMjA3fDB8MHxwaG90by1wYWdlfHx8fGVufDB8fHx8fA%3D%3D', 'path': 'full/c59e0df88fa5116c456d66b64d03f21a7426f13f.jpg', 'checksum': '84c9911a74be9c768db37bcbd7c6b0b0', 'status': 'uptodate'}, {'url': 'https://images.unsplash.com/photo-1511641125570-375e725b1e4e?fm=jpg&amp;q=60&amp;w=3000&amp;ixlib=rb-4.0.3&amp;ixid=M3wxMjA3fDB8MHxjb2xsZWN0aW9uLXRodW1ibmFpbHx8NDM4NTg1M3x8ZW58MHx8fHx8', 'path': 'full/23cfd4d2e40fde774b76d4b5d6d427373ddbebe1.jpg', 'checksum': '201fb640ca0da64aa4713a162adf9f9e', 'status': 'uptodate'}, {'url': 'https://images.unsplash.com/photo-1543946207-39bd91e70ca7?fm=jpg&amp;q=60&amp;w=3000&amp;ixlib=rb-4.0.3&amp;ixid=M3wxMjA3fDB8MHxjb2xsZWN0aW9uLXRodW1ibmFpbHx8NDM4NTg1M3x8ZW58MHx8fHx8', 'path': 'full/a7057fdba71bb8fc14879d871e531bc6756f0d5f.jpg', 'checksum': 'a80512fafd099d19868e864ca103dfa2', 'status': 'uptodate'}, {'url': 'https://images.unsplash.com/photo-1590500005755-6c1a1a1a8937?fm=jpg&amp;q=60&amp;w=3000&amp;ixlib=rb-4.0.3&amp;ixid=M3wxMjA3fDB8MHxjb2xsZWN0aW9uLXRodW1ibmFpbHx8NDM4NTg1M3x8ZW58MHx8fHx8', 'path': 'full/b0be48a6eae60283422bb6c6b42eb43bccecc264.jpg', 'checksum': '122bc463b177723a968c541b55a423f3', 'status': 'uptodate'}, {'url': 'https://images.unsplash.com/photo-1503455637927-730bce8583c0?fm=jpg&amp;q=60&amp;w=3000&amp;ixlib=rb-4.0.3&amp;ixid=M3wxMjA3fDB8MHxjb2xsZWN0aW9uLXRodW1ibmFpbHx8NDQyNTI1Nnx8ZW58MHx8fHx8', 'path': 'full/a774fed8c8c694d1fcb22d83975f5eb1b9c2ada5.jpg', 'checksum': 'c5c16cf33153c2f71b434a82bd1122d7', 'status': 'uptodate'}, {'url': 'https://images.unsplash.com/photo-1518621736915-f3b1c41bfd00?fm=jpg&amp;q=60&amp;w=3000&amp;ixlib=rb-4.0.3&amp;ixid=M3wxMjA3fDB8MHxjb2xsZWN0aW9uLXRodW1ibmFpbHx8NDQyNTI1Nnx8ZW58MHx8fHx8', 'path': 'full/192d978a579b537823ab80df60092fb0b2b91ae9.jpg', 'checksum': '1d57875f0cf28d780ef80c97717f5b75', 'status': 'uptodate'}, {'url': 'https://images.unsplash.com/photo-1536692546400-ac0af3f293fd?fm=jpg&amp;q=60&amp;w=3000&amp;ixlib=rb-4.0.3&amp;ixid=M3wxMjA3fDB8MHxjb2xsZWN0aW9uLXRodW1ibmFpbHx8NDQyNTI1Nnx8ZW58MHx8fHx8', 'path': 'full/a447adb4cea6c25eb88b7cd2c39c6e0caa711a4d.jpg', 'checksum': '6236831dcf4cd5aaca717c7d6ec7a374', 'status': 'uptodate'}, {'url': 'https://images.unsplash.com/photo-1541439657027-07133d717c72?fm=jpg&amp;q=60&amp;w=3000&amp;ixlib=rb-4.0.3&amp;ixid=M3wxMjA3fDB8MHxjb2xsZWN0aW9uLXRodW1ibmFpbHx8OTI5MTAwMDd8fGVufDB8fHx8fA%3D%3D', 'path': 'full/c240d940891faa1a3c4c1e8a58114f6e7734235c.jpg', 'checksum': 'f1589d29ac5068d6485962680e224832', 'status': 'uptodate'}, {'url': 'https://images.unsplash.com/photo-1500621137413-1a61d6ac1d44?fm=jpg&amp;q=60&amp;w=3000&amp;ixlib=rb-4.0.3&amp;ixid=M3wxMjA3fDB8MHxjb2xsZWN0aW9uLXRodW1ibmFpbHx8OTI5MTAwMDd8fGVufDB8fHx8fA%3D%3D', 'path': 'full/b9ac96c3249a1191bc0ac785874af8d2a8141d50.jpg', 'checksum': '53963effa040d1e08221adda15816c8a', 'status': 'uptodate'}, {'url': 'https://images.unsplash.com/photo-1537694513497-5f0b0ec361c7?fm=jpg&amp;q=60&amp;w=3000&amp;ixlib=rb-4.0.3&amp;ixid=M3wxMjA3fDB8MHxjb2xsZWN0aW9uLXRodW1ibmFpbHx8OTI5MTAwMDd8fGVufDB8fHx8fA%3D%3D', 'path': 'full/766e4598aad2de56df1d49cc90f816108805e47e.jpg', 'checksum': 'e4e8acf11974e4d8551d0e645307e75e', 'status': 'uptodate'}]",https://unsplash.com/photos/brown-planet-QQ9MzSs-o1I
Valeria Nikitina,a close up view of the earth from space,"[{'url': 'https://images.unsplash.com/profile-1626940537289-82edd4c96d64image?fm=jpg&amp;q=60&amp;w=3000&amp;ixlib=rb-4.0.3&amp;crop=faces&amp;fit=crop&amp;h=32', 'path': 'full/093a1af34882061c9fb3aef0658455ae9c6ed103.jpg', 'checksum': '3a6f0868e30a89cc7df29e7fd786212c', 'status': 'uptodate'}, {'url': 'https://images.unsplash.com/photo-1587564371330-575a54163fad?fm=jpg&amp;q=60&amp;w=3000&amp;ixlib=rb-4.0.3&amp;ixid=M3wxMjA3fDB8MHxjb2xsZWN0aW9uLXRodW1ibmFpbHx8ODMwOTE2NHx8ZW58MHx8fHx8', 'path': 'full/1ddbeaf8d66fd2f59571aeee590b7c53bdfda2a4.jpg', 'checksum': '9ce9d2ad3d56a1f95c095f94d4d406f5', 'status': 'uptodate'}, {'url': 'https://images.unsplash.com/photo-1634176866089-b633f4aec882?fm=jpg&amp;q=60&amp;w=3000&amp;ixlib=rb-4.0.3&amp;ixid=M3wxMjA3fDB8MHxjb2xsZWN0aW9uLXRodW1ibmFpbHx8ODMwOTE2NHx8ZW58MHx8fHx8', 'path': 'full/613a3447935f651789bca627adf4f4c06212275a.jpg', 'checksum': 'f63236ce4e85980107b4da2cf4d32d4d', 'status': 'uptodate'}, {'url': 'https://images.unsplash.com/photo-1715514918422-3bde21134880?fm=jpg&amp;q=60&amp;w=3000&amp;ixlib=rb-4.0.3&amp;ixid=M3wxMjA3fDB8MHxjb2xsZWN0aW9uLXRodW1ibmFpbHx8ZURtWGFYVUlnZmd8fGVufDB8fHx8fA%3D%3D', 'path': 'full/b0e9d89b6da9e9a9c44926843777da808dfcd17d.jpg', 'checksum': '7c1d1669c01e5c2873d885cd19d1b452', 'status': 'uptodate'}, {'url': 'https://images.unsplash.com/photo-1715369816288-febe52d30af6?fm=jpg&amp;q=60&amp;w=3000&amp;ixlib=rb-4.0.3&amp;ixid=M3wxMjA3fDB8MHxjb2xsZWN0aW9uLXRodW1ibmFpbHx8ZURtWGFYVUlnZmd8fGVufDB8fHx8fA%3D%3D', 'path': 'full/80a789beac48299c0c07d6a74512612638ed778d.jpg', 'checksum': '4ebadd76edfe53836c9e39eb5c7ae02b', 'status': 'uptodate'}, {'url': 'https://images.unsplash.com/photo-1595522391226-2c07c13e7c3f?fm=jpg&amp;q=60&amp;w=3000&amp;ixlib=rb-4.0.3&amp;ixid=M3wxMjA3fDB8MHxjb2xsZWN0aW9uLXRodW1ibmFpbHx8ZURtWGFYVUlnZmd8fGVufDB8fHx8fA%3D%3D', 'path': 'full/7d7e146c96d5e043d3133440b147b6dd05445588.jpg', 'checksum': 'a3d2fa652fd0ddebb9d71777ce6ea736', 'status': 'uptodate'}]",https://unsplash.com/photos/a-close-up-view-of-the-earth-from-space-8OSPIwPhjgw
marceloquinan,Northern lights during night time,"[{'url': 'https://images.unsplash.com/placeholder-avatars/extra-large.jpg?fm=jpg&amp;q=60&amp;w=3000&amp;ixlib=rb-4.0.3&amp;crop=faces&amp;fit=crop&amp;h=32', 'path': 'full/a94c6edcd785974ea93e5e21fae5b3fd419e72fe.jpg', 'checksum': '2ff9e034f6579a6ba51c908c980d2cc6', 'status': 'uptodate'}, {'url': 'https://images.unsplash.com/photo-1443926818681-717d074a57af?fm=jpg&amp;q=60&amp;w=3000&amp;ixlib=rb-4.0.3&amp;ixid=M3wxMjA3fDB8MHxwaG90by1wYWdlfHx8fGVufDB8fHx8fA%3D%3D', 'path': 'full/233c271f1de016973c46a94cfc9f1275e642ab8e.jpg', 'checksum': 'b9887ce64676274389c32a34c12663bf', 'status': 'uptodate'}, {'url': 'https://images.unsplash.com/photo-1443926818681-717d074a57af?fm=jpg&amp;q=60&amp;w=3000&amp;ixlib=rb-4.0.3&amp;ixid=M3wxMjA3fDB8MHxwaG90by1wYWdlfHx8fGVufDB8fHx8fA%3D%3D', 'path': 'full/233c271f1de016973c46a94cfc9f1275e642ab8e.jpg', 'checksum': 'b9887ce64676274389c32a34c12663bf', 'status': 'uptodate'}, {'url': 'https://images.unsplash.com/photo-1443926818681-717d074a57af?fm=jpg&amp;q=60&amp;w=3000&amp;ixlib=rb-4.0.3&amp;ixid=M3wxMjA3fDB8MHxjb2xsZWN0aW9uLXRodW1ibmFpbHx8MTg0Njk4fHxlbnwwfHx8fHw%3D', 'path': 'full/654f707ea3a9dc94cb049eac94883c069693dcd0.jpg', 'checksum': 'b9887ce64676274389c32a34c12663bf', 'status': 'uptodate'}, {'url': 'https://images.unsplash.com/photo-1454789548928-9efd52dc4031?fm=jpg&amp;q=60&amp;w=3000&amp;ixlib=rb-4.0.3&amp;ixid=M3wxMjA3fDB8MHxjb2xsZWN0aW9uLXRodW1ibmFpbHx8MTg0Njk4fHxlbnwwfHx8fHw%3D', 'path': 'full/b1b862dc8922e44bdbb7de96a72838ed44cef468.jpg', 'checksum': 'b77f4e347578d898e6a7185d738faf8f', 'status': 'uptodate'}, {'url': 'https://images.unsplash.com/photo-1447433819943-74a20887a81e?fm=jpg&amp;q=60&amp;w=3000&amp;ixlib=rb-4.0.3&amp;ixid=M3wxMjA3fDB8MHxjb2xsZWN0aW9uLXRodW1ibmFpbHx8MTg0Njk4fHxlbnwwfHx8fHw%3D', 'path': 'full/7d6d47595404c20f386c24bd7e90b86ceaa987a7.jpg', 'checksum': '57c091104b8577de2e7aa23d1fa6f0ca', 'status': 'uptodate'}, {'url': 'https://images.unsplash.com/photo-1427348693976-99e4aca06bb9?fm=jpg&amp;q=60&amp;w=3000&amp;ixlib=rb-4.0.3&amp;ixid=M3wxMjA3fDB8MHxjb2xsZWN0aW9uLXRodW1ibmFpbHx8MTMxOTI2MXx8ZW58MHx8fHx8', 'path': 'full/2911047df3105d5367e0e956abd925d99c0db826.jpg', 'checksum': 'afb5d2f2324b9effe97b779068a142d5', 'status': 'uptodate'}, {'url': 'https://images.unsplash.com/photo-1500113018993-b5c64275ed93?fm=jpg&amp;q=60&amp;w=3000&amp;ixlib=rb-4.0.3&amp;ixid=M3wxMjA3fDB8MHxjb2xsZWN0aW9uLXRodW1ibmFpbHx8MTMxOTI2MXx8ZW58MHx8fHx8', 'path': 'full/821c047195562987635bd67dc8df016d69255438.jpg', 'checksum': 'f31e1b622fe278417d25dc6617ef4dc2', 'status': 'uptodate'}, {'url': 'https://images.unsplash.com/photo-1498278854500-7c206daa073b?fm=jpg&amp;q=60&amp;w=3000&amp;ixlib=rb-4.0.3&amp;ixid=M3wxMjA3fDB8MHxjb2xsZWN0aW9uLXRodW1ibmFpbHx8MTMxOTI2MXx8ZW58MHx8fHx8', 'path': 'full/1cffa96e1ef89eb1ba4ceb62daf1b85ddb1ab04e.jpg', 'checksum': '2772bf92b574768425550658ea02820c', 'status': 'uptodate'}, {'url': 'https://images.unsplash.com/photo-1485433592409-9018e83a1f0d?fm=jpg&amp;q=60&amp;w=3000&amp;ixlib=rb-4.0.3&amp;ixid=M3wxMjA3fDB8MHxjb2xsZWN0aW9uLXRodW1ibmFpbHx8QndiWlZHQUNnZ018fGVufDB8fHx8fA%3D%3D', 'path': 'full/4e8f4851437999bd982b02e2ba120d3df0bfeb44.jpg', 'checksum': 'd6f179b4bd0926a196398691fee052cb', 'status': 'uptodate'}, {'url': 'https://images.unsplash.com/photo-1496483353456-90997957cf99?fm=jpg&amp;q=60&amp;w=3000&amp;ixlib=rb-4.0.3&amp;ixid=M3wxMjA3fDB8MHxjb2xsZWN0aW9uLXRodW1ibmFpbHx8QndiWlZHQUNnZ018fGVufDB8fHx8fA%3D%3D', 'path': 'full/611f8fe2a15928c685354d6c55b5cd00be95a681.jpg', 'checksum': 'd8eff475a5a82e000618fafaa80d9c55', 'status': 'uptodate'}, {'url': 'https://images.unsplash.com/photo-1536559692556-79e8be88e8ab?fm=jpg&amp;q=60&amp;w=3000&amp;ixlib=rb-4.0.3&amp;ixid=M3wxMjA3fDB8MHxjb2xsZWN0aW9uLXRodW1ibmFpbHx8QndiWlZHQUNnZ018fGVufDB8fHx8fA%3D%3D', 'path': 'full/6699d20a8daaf2ade821aa9a1e91f53864c0e14c.jpg', 'checksum': '3c146c538f15ba70dad68533a998365c', 'status': 'uptodate'}]",https://unsplash.com/photos/northern-lights-during-night-time-R3pUGn5YiTg
nasa,satellite view of earth's surface,"[{'url': 'https://images.unsplash.com/profile-1446819291540-625b8478e701?fm=jpg&amp;q=60&amp;w=3000&amp;ixlib=rb-4.0.3&amp;crop=faces&amp;fit=crop&amp;h=32', 'path': 'full/0c403721fd0fe0543286edeb059ac5c8a9f67039.jpg', 'checksum': '29c2cd5b545833b2370b5198e81a822d', 'status': 'uptodate'}, {'url': 'https://images.unsplash.com/photo-1446776899648-aa78eefe8ed0?fm=jpg&amp;q=60&amp;w=3000&amp;ixlib=rb-4.0.3&amp;ixid=M3wxMjA3fDB8MHxwaG90by1wYWdlfHx8fGVufDB8fHx8fA%3D%3D', 'path': 'full/656998c74e028a0510426e7dbc423880707864de.jpg', 'checksum': '3caf9e7416c121caa05803ae7c488b50', 'status': 'uptodate'}, {'url': 'https://images.unsplash.com/photo-1446776899648-aa78eefe8ed0?fm=jpg&amp;q=60&amp;w=3000&amp;ixlib=rb-4.0.3&amp;ixid=M3wxMjA3fDB8MHxwaG90by1wYWdlfHx8fGVufDB8fHx8fA%3D%3D', 'path': 'full/656998c74e028a0510426e7dbc423880707864de.jpg', 'checksum': '3caf9e7416c121caa05803ae7c488b50', 'status': 'uptodate'}, {'url': 'https://images.unsplash.com/photo-1434296356255-2e4fbb81e1f1?fm=jpg&amp;q=60&amp;w=3000&amp;ixlib=rb-4.0.3&amp;ixid=M3wxMjA3fDB8MHxjb2xsZWN0aW9uLXRodW1ibmFpbHx8MTI5NDA3Nnx8ZW58MHx8fHx8', 'path': 'full/1045cbca86d5a7aeea5ce9386f47200bf2b6604f.jpg', 'checksum': '1fa6415f8d9823a506418b91e5c50ab0', 'status': 'uptodate'}, {'url': 'https://images.unsplash.com/photo-1429108003129-39e5380509bc?fm=jpg&amp;q=60&amp;w=3000&amp;ixlib=rb-4.0.3&amp;ixid=M3wxMjA3fDB8MHxjb2xsZWN0aW9uLXRodW1ibmFpbHx8MTI5NDA3Nnx8ZW58MHx8fHx8', 'path': 'full/726f43d384cc7412b9c3fe992b58da22a6fc75a4.jpg', 'checksum': '20178e303f7f3f31c35e5cc2c82b60e6', 'status': 'uptodate'}, {'url': 'https://images.unsplash.com/photo-1436096290837-f876913c5d20?fm=jpg&amp;q=60&amp;w=3000&amp;ixlib=rb-4.0.3&amp;ixid=M3wxMjA3fDB8MHxjb2xsZWN0aW9uLXRodW1ibmFpbHx8MTI5NDA3Nnx8ZW58MHx8fHx8', 'path': 'full/c9abdd33b0463d43c2d9b538641c8bca3b773df0.jpg', 'checksum': 'd75976bdc0a0b1cd3e1cf4690fb27a58', 'status': 'uptodate'}, {'url': 'https://images.unsplash.com/photo-1546872823-4b0686c1908c?fm=jpg&amp;q=60&amp;w=3000&amp;ixlib=rb-4.0.3&amp;ixid=M3wxMjA3fDB8MHxjb2xsZWN0aW9uLXRodW1ibmFpbHx8MzY0MjY2Nnx8ZW58MHx8fHx8', 'path': 'full/5d828329fcb3af055612fdac5f983b860595d74e.jpg', 'checksum': '350419f1d7adec82f5de464cdf97db13', 'status': 'uptodate'}, {'url': 'https://images.unsplash.com/photo-1545243424-0ce743321e11?fm=jpg&amp;q=60&amp;w=3000&amp;ixlib=rb-4.0.3&amp;ixid=M3wxMjA3fDB8MHxjb2xsZWN0aW9uLXRodW1ibmFpbHx8MzY0MjY2Nnx8ZW58MHx8fHx8', 'path': 'full/b2c0833d2b7cda06c712599ad499d4f40109f9cf.jpg', 'checksum': 'a5f55f41633eea508cddfb5db66515cf', 'status': 'uptodate'}, {'url': 'https://images.unsplash.com/photo-1544920905-e00bfabd4054?fm=jpg&amp;q=60&amp;w=3000&amp;ixlib=rb-4.0.3&amp;ixid=M3wxMjA3fDB8MHxjb2xsZWN0aW9uLXRodW1ibmFpbHx8MzY0MjY2Nnx8ZW58MHx8fHx8', 'path': 'full/a676d5d5159ffc3880924bda3d19b09b92f50bf9.jpg', 'checksum': '7c65824481b17a779433a2944ca78a45', 'status': 'uptodate'}, {'url': 'https://images.unsplash.com/photo-1689514930640-123c5f55ed09?fm=jpg&amp;q=60&amp;w=3000&amp;ixlib=rb-4.0.3&amp;ixid=M3wxMjA3fDB8MHxjb2xsZWN0aW9uLXRodW1ibmFpbHx8ZTBXUEsxaUpvdlF8fGVufDB8fHx8fA%3D%3D', 'path': 'full/50d3d0504f9fbca8285ca02bc63744529ae175af.jpg', 'checksum': '0590d6b40e103f41cde16184ec4b5179', 'status': 'uptodate'}]",https://unsplash.com/photos/satellite-view-of-earths-surface-_SFJhRPzJHs
spacex,ray of light near body of water,"[{'url': 'https://images.unsplash.com/profile-1457364476443-bc2ab92c9689?fm=jpg&amp;q=60&amp;w=3000&amp;ixlib=rb-4.0.3&amp;crop=faces&amp;fit=crop&amp;h=32', 'path': 'full/bd09a102e34991c2833db717828eea339168d867.jpg', 'checksum': '4f655c65845bc35af3047d5f6b8b214e', 'status': 'uptodate'}, {'url': 'https://images.unsplash.com/photo-1457364887197-9150188c107b?fm=jpg&amp;q=60&amp;w=3000&amp;ixlib=rb-4.0.3&amp;ixid=M3wxMjA3fDB8MHxwaG90by1wYWdlfHx8fGVufDB8fHx8fA%3D%3D', 'path': 'full/77318244337c3fdc6158481f5689eae32ec05bc6.jpg', 'checksum': '6dd8014ebfe749ddf12f126afef78e7f', 'status': 'uptodate'}, {'url': 'https://images.unsplash.com/photo-1457364887197-9150188c107b?fm=jpg&amp;q=60&amp;w=3000&amp;ixlib=rb-4.0.3&amp;ixid=M3wxMjA3fDB8MHxwaG90by1wYWdlfHx8fGVufDB8fHx8fA%3D%3D', 'path': 'full/77318244337c3fdc6158481f5689eae32ec05bc6.jpg', 'checksum': '6dd8014ebfe749ddf12f126afef78e7f', 'status': 'uptodate'}, {'url': 'https://images.unsplash.com/photo-1508882100003-8ae16a4abbaf?fm=jpg&amp;q=60&amp;w=3000&amp;ixlib=rb-4.0.3&amp;ixid=M3wxMjA3fDB8MHxjb2xsZWN0aW9uLXRodW1ibmFpbHx8ODM3MjMxNXx8ZW58MHx8fHx8', 'path': 'full/dce0f9dbc83b9722bab6a74efefcab540f4d4e63.jpg', 'checksum': '1bff0b14252be5084534ae28d97981ed', 'status': 'uptodate'}, {'url': 'https://images.unsplash.com/photo-1485827404703-89b55fcc595e?fm=jpg&amp;q=60&amp;w=3000&amp;ixlib=rb-4.0.3&amp;ixid=M3wxMjA3fDB8MHxjb2xsZWN0aW9uLXRodW1ibmFpbHx8ODM3MjMxNXx8ZW58MHx8fHx8', 'path': 'full/d189cd402dbfa749548fa3b94f6721c40f25015d.jpg', 'checksum': 'b051bb4a38a533a212a4101fe174fafb', 'status': 'uptodate'}, {'url': 'https://images.unsplash.com/photo-1476610182048-b716b8518aae?fm=jpg&amp;q=60&amp;w=3000&amp;ixlib=rb-4.0.3&amp;ixid=M3wxMjA3fDB8MHxjb2xsZWN0aW9uLXRodW1ibmFpbHx8ODM3MjMxNXx8ZW58MHx8fHx8', 'path': 'full/36153ccb111afecc8c13d19414a11b75a0cd3f8b.jpg', 'checksum': 'd6756a7827cc992bee4215729cd74b80', 'status': 'uptodate'}, {'url': 'https://images.unsplash.com/photo-1507475983216-3caee89a6fea?fm=jpg&amp;q=60&amp;w=3000&amp;ixlib=rb-4.0.3&amp;ixid=M3wxMjA3fDB8MHxjb2xsZWN0aW9uLXRodW1ibmFpbHx8OTgyNjExM3x8ZW58MHx8fHx8', 'path': 'full/7b352e9e86425e03f66f834288596331f49cf0a2.jpg', 'checksum': 'fa133696bce2adc5a86411ae886b9d9c', 'status': 'uptodate'}, {'url': 'https://images.unsplash.com/photo-1475778057357-d35f37fa89dd?fm=jpg&amp;q=60&amp;w=3000&amp;ixlib=rb-4.0.3&amp;ixid=M3wxMjA3fDB8MHxjb2xsZWN0aW9uLXRodW1ibmFpbHx8OTgyNjExM3x8ZW58MHx8fHx8', 'path': 'full/9e177b0c5a77d72ecec203bfe80d672641835698.jpg', 'checksum': 'adc44872e8ce0a7b7864edfccd753f3a', 'status': 'uptodate'}, {'url': 'https://images.unsplash.com/photo-1505699261378-c372af38134c?fm=jpg&amp;q=60&amp;w=3000&amp;ixlib=rb-4.0.3&amp;ixid=M3wxMjA3fDB8MHxjb2xsZWN0aW9uLXRodW1ibmFpbHx8OTgyNjExM3x8ZW58MHx8fHx8', 'path': 'full/e0368a56105a067f611c9b4a138181c00f674828.jpg', 'checksum': 'c418664539a662cf87ce364a18d1e792', 'status': 'uptodate'}, {'url': 'https://images.unsplash.com/photo-1446776877081-d282a0f896e2?fm=jpg&amp;q=60&amp;w=3000&amp;ixlib=rb-4.0.3&amp;ixid=M3wxMjA3fDB8MHxjb2xsZWN0aW9uLXRodW1ibmFpbHx8NExUUnV4NW1LNWd8fGVufDB8fHx8fA%3D%3D', 'path': 'full/1ecc8992e8a2ab1bc4d95d384a225687e6714fd6.jpg', 'checksum': '7409070e9267e0c0a4905b66038e7627', 'status': 'uptodate'}, {'url': 'https://images.unsplash.com/photo-1457364887197-9150188c107b?fm=jpg&amp;q=60&amp;w=3000&amp;ixlib=rb-4.0.3&amp;ixid=M3wxMjA3fDB8MHxjb2xsZWN0aW9uLXRodW1ibmFpbHx8NExUUnV4NW1LNWd8fGVufDB8fHx8fA%3D%3D', 'path': 'full/d99579421f9c2972bf483c5dc6e2049719246ec0.jpg', 'checksum': '6dd8014ebfe749ddf12f126afef78e7f', 'status': 'uptodate'}, {'url': 'https://images.unsplash.com/photo-1541873676-a18131494184?fm=jpg&amp;q=60&amp;w=3000&amp;ixlib=rb-4.0.3&amp;ixid=M3wxMjA3fDB8MHxjb2xsZWN0aW9uLXRodW1ibmFpbHx8NExUUnV4NW1LNWd8fGVufDB8fHx8fA%3D%3D', 'path': 'full/18860d9dbd4cffad29f881a823c092f740adebee.jpg', 'checksum': '3a61840d91ffa34cdc5e6d5e0b0258e7', 'status': 'uptodate'}]",https://unsplash.com/photos/ray-of-light-near-body-of-water--p-KCm6xB9I
spacex,photo of network satellite taking off,"[{'url': 'https://images.unsplash.com/profile-1457364476443-bc2ab92c9689?fm=jpg&amp;q=60&amp;w=3000&amp;ixlib=rb-4.0.3&amp;crop=faces&amp;fit=crop&amp;h=32', 'path': 'full/bd09a102e34991c2833db717828eea339168d867.jpg', 'checksum': '4f655c65845bc35af3047d5f6b8b214e', 'status': 'uptodate'}, {'url': 'https://images.unsplash.com/photo-1457364983758-510f8afa9f5f?fm=jpg&amp;q=60&amp;w=3000&amp;ixlib=rb-4.0.3&amp;ixid=M3wxMjA3fDB8MHxwaG90by1wYWdlfHx8fGVufDB8fHx8fA%3D%3D', 'path': 'full/db418c5e7c2973f60261f368592669247400f3fe.jpg', 'checksum': '6e8d132810baa7ea06f4b63892464cb5', 'status': 'uptodate'}, {'url': 'https://images.unsplash.com/photo-1457364983758-510f8afa9f5f?fm=jpg&amp;q=60&amp;w=3000&amp;ixlib=rb-4.0.3&amp;ixid=M3wxMjA3fDB8MHxwaG90by1wYWdlfHx8fGVufDB8fHx8fA%3D%3D', 'path': 'full/db418c5e7c2973f60261f368592669247400f3fe.jpg', 'checksum': '6e8d132810baa7ea06f4b63892464cb5', 'status': 'uptodate'}, {'url': 'https://images.unsplash.com/photo-1547908343-3b39c4b1d0e7?fm=jpg&amp;q=60&amp;w=3000&amp;ixlib=rb-4.0.3&amp;ixid=M3wxMjA3fDB8MHxjb2xsZWN0aW9uLXRodW1ibmFpbHx8MTExMTU3NXx8ZW58MHx8fHx8', 'path': 'full/622504e126fd218ba1aa90d796a1c3aaa7f2612c.jpg', 'checksum': '15cc5fb2d025b376d9b7bc39aee2fec1', 'status': 'uptodate'}, {'url': 'https://images.unsplash.com/photo-1539721972319-f0e80a00d424?fm=jpg&amp;q=60&amp;w=3000&amp;ixlib=rb-4.0.3&amp;ixid=M3wxMjA3fDB8MHxjb2xsZWN0aW9uLXRodW1ibmFpbHx8MTExMTU3NXx8ZW58MHx8fHx8', 'path': 'full/722ce18e77883d182dda21da60229478a4c7a2f1.jpg', 'checksum': '5a7adfbc13845b72290938f0a9534f9f', 'status': 'uptodate'}, {'url': 'https://images.unsplash.com/photo-1538370965046-79c0d6907d47?fm=jpg&amp;q=60&amp;w=3000&amp;ixlib=rb-4.0.3&amp;ixid=M3wxMjA3fDB8MHxjb2xsZWN0aW9uLXRodW1ibmFpbHx8MTExMTU3NXx8ZW58MHx8fHx8', 'path': 'full/d62ccad48768d2228c24853aaef74eef9fb39c9c.jpg', 'checksum': '280c879eefc37bcdd534e1788d3d729a', 'status': 'uptodate'}, {'url': 'https://images.unsplash.com/photo-1571322738251-e7abd92d00f7?fm=jpg&amp;q=60&amp;w=3000&amp;ixlib=rb-4.0.3&amp;ixid=M3wxMjA3fDB8MHxjb2xsZWN0aW9uLXRodW1ibmFpbHx8MTM4MTQ2Nnx8ZW58MHx8fHx8', 'path': 'full/0f4fdd2bbfd40ccb5bec728674ad5aa533400c93.jpg', 'checksum': 'bc22e9f8c01a4cbda1755b83421c9cba', 'status': 'uptodate'}, {'url': 'https://images.unsplash.com/photo-1451187863213-d1bcbaae3fa3?fm=jpg&amp;q=60&amp;w=3000&amp;ixlib=rb-4.0.3&amp;ixid=M3wxMjA3fDB8MHxjb2xsZWN0aW9uLXRodW1ibmFpbHx8MTM4MTQ2Nnx8ZW58MHx8fHx8', 'path': 'full/ee44500c550afbc999b07e2c038aeebecf648f9c.jpg', 'checksum': '6c319004bbbe8cb8e726daadae3c8610', 'status': 'uptodate'}, {'url': 'https://images.unsplash.com/photo-1457364983758-510f8afa9f5f?fm=jpg&amp;q=60&amp;w=3000&amp;ixlib=rb-4.0.3&amp;ixid=M3wxMjA3fDB8MHxjb2xsZWN0aW9uLXRodW1ibmFpbHx8MTM4MTQ2Nnx8ZW58MHx8fHx8', 'path': 'full/c1ab4198b82a511e2845cb7b0d1f88335bb5b802.jpg', 'checksum': '6e8d132810baa7ea06f4b63892464cb5', 'status': 'uptodate'}, {'url': 'https://images.unsplash.com/photo-1517976487492-5750f3195933?fm=jpg&amp;q=60&amp;w=3000&amp;ixlib=rb-4.0.3&amp;ixid=M3wxMjA3fDB8MHxjb2xsZWN0aW9uLXRodW1ibmFpbHx8MjM1OTcwN3x8ZW58MHx8fHx8', 'path': 'full/61dba1d7b293182cf2a56c28fedcfcff12e1a7ef.jpg', 'checksum': '9795b5e8e1418b8c9ab9b84a2bd73795', 'status': 'uptodate'}, {'url': 'https://images.unsplash.com/photo-1457365050282-c53d772ef8b2?fm=jpg&amp;q=60&amp;w=3000&amp;ixlib=rb-4.0.3&amp;ixid=M3wxMjA3fDB8MHxjb2xsZWN0aW9uLXRodW1ibmFpbHx8MjM1OTcwN3x8ZW58MHx8fHx8', 'path': 'full/42da68e0fc3c90579af67059053ecab8e32a9fcd.jpg', 'checksum': 'bee14419bf2fedc5b2c1718581754ef9', 'status': 'uptodate'}, {'url': 'https://images.unsplash.com/photo-1541185934-01b600ea069c?fm=jpg&amp;q=60&amp;w=3000&amp;ixlib=rb-4.0.3&amp;ixid=M3wxMjA3fDB8MHxjb2xsZWN0aW9uLXRodW1ibmFpbHx8MjM1OTcwN3x8ZW58MHx8fHx8', 'path': 'full/4d4444a3807ed2bd50495e936a2da3c09f66003a.jpg', 'checksum': '3ffd5886703bb8cc956afc53e1f7e495', 'status': 'uptodate'}]",https://unsplash.com/photos/photo-of-network-satellite-taking-off-yJv97tE7GDM
Neven Krcmarek,a very large galaxy in the middle of the night sky,"[{'url': 'https://images.unsplash.com/profile-1470087445720-ce1a374df9d7?fm=jpg&amp;q=60&amp;w=3000&amp;ixlib=rb-4.0.3&amp;crop=faces&amp;fit=crop&amp;h=32', 'path': 'full/e02449d9e20479fcd08f67d14a2a94e3b149eeff.jpg', 'checksum': '4a92dfcbcac19411e7b7ec03c9f53e01', 'status': 'uptodate'}]",https://unsplash.com/photos/a-very-large-galaxy-in-the-middle-of-the-night-sky-4z6TIH6D_pw
Available for hire,shooting star in night sky,"[{'url': 'https://images.unsplash.com/profile-1553882437332-2aaadee4ff49?fm=jpg&amp;q=60&amp;w=3000&amp;ixlib=rb-4.0.3&amp;crop=faces&amp;fit=crop&amp;h=32', 'path': 'full/79ce868a00c7f91794e433bc58ad268ac4abb74f.jpg', 'checksum': '6c1486ece05c0a86e8a49a4e23f695cb', 'status': 'uptodate'}, {'url': 'https://images.unsplash.com/photo-1489549132488-d00b7eee80f1?fm=jpg&amp;q=60&amp;w=3000&amp;ixlib=rb-4.0.3&amp;ixid=M3wxMjA3fDB8MHxwaG90by1wYWdlfHx8fGVufDB8fHx8fA%3D%3D', 'path': 'full/7bb1e5ac301e9fb23de02ddbddb4bd72c2064f5b.jpg', 'checksum': 'e1cf2a9faa224d7dc97dc0c6b203e523', 'status': 'uptodate'}, {'url': 'https://images.unsplash.com/photo-1489549132488-d00b7eee80f1?fm=jpg&amp;q=60&amp;w=3000&amp;ixlib=rb-4.0.3&amp;ixid=M3wxMjA3fDB8MHxwaG90by1wYWdlfHx8fGVufDB8fHx8fA%3D%3D', 'path': 'full/7bb1e5ac301e9fb23de02ddbddb4bd72c2064f5b.jpg', 'checksum': 'e1cf2a9faa224d7dc97dc0c6b203e523', 'status': 'uptodate'}, {'url': 'https://images.unsplash.com/photo-1617080090911-91409e3496ad?fm=jpg&amp;q=60&amp;w=3000&amp;ixlib=rb-4.0.3&amp;ixid=M3wxMjA3fDB8MHxjb2xsZWN0aW9uLXRodW1ibmFpbHx8NTQzMDI4fHxlbnwwfHx8fHw%3D', 'path': 'full/e8b47056b3fb6767839b8a61714f10fe3aeeba67.jpg', 'checksum': '89e7c0d991383e34001c4738af5ba412', 'status': 'uptodate'}, {'url': 'https://images.unsplash.com/photo-1517784541475-54f13a036167?fm=jpg&amp;q=60&amp;w=3000&amp;ixlib=rb-4.0.3&amp;ixid=M3wxMjA3fDB8MHxjb2xsZWN0aW9uLXRodW1ibmFpbHx8NTQzMDI4fHxlbnwwfHx8fHw%3D', 'path': 'full/697008a93d90c47e3ab4101d2a596e7b752eed8e.jpg', 'checksum': '74bc3c2a7a786c41f4c4ae5e3b5458fb', 'status': 'uptodate'}, {'url': 'https://images.unsplash.com/photo-1553714191-c89281730c67?fm=jpg&amp;q=60&amp;w=3000&amp;ixlib=rb-4.0.3&amp;ixid=M3wxMjA3fDB8MHxjb2xsZWN0aW9uLXRodW1ibmFpbHx8NTQzMDI4fHxlbnwwfHx8fHw%3D', 'path': 'full/9835f1081f3cfa8dba0a33ef1c4506aafd80cc3b.jpg', 'checksum': '97e7f80dca1916d1d861b8ba4914e910', 'status': 'uptodate'}, {'url': 'https://images.unsplash.com/photo-1465156799763-2c087c332922?fm=jpg&amp;q=60&amp;w=3000&amp;ixlib=rb-4.0.3&amp;ixid=M3wxMjA3fDB8MHxjb2xsZWN0aW9uLXRodW1ibmFpbHx8MzEwNjc2MXx8ZW58MHx8fHx8', 'path': 'full/4f071cbd9e072287643e4c77b02517f87bd28751.jpg', 'checksum': '73eded256563c96e8f809e417e56f50b', 'status': 'uptodate'}, {'url': 'https://images.unsplash.com/photo-1472856053553-799da7ffa653?fm=jpg&amp;q=60&amp;w=3000&amp;ixlib=rb-4.0.3&amp;ixid=M3wxMjA3fDB8MHxjb2xsZWN0aW9uLXRodW1ibmFpbHx8MzEwNjc2MXx8ZW58MHx8fHx8', 'path': 'full/bb8380a5c8f5582fc820acd69d00ddf3d3dc8d73.jpg', 'checksum': 'ab5c9d3a63a781b48503f738aee32fb4', 'status': 'uptodate'}, {'url': 'https://images.unsplash.com/photo-1474140214938-f0295cf3d18e?fm=jpg&amp;q=60&amp;w=3000&amp;ixlib=rb-4.0.3&amp;ixid=M3wxMjA3fDB8MHxjb2xsZWN0aW9uLXRodW1ibmFpbHx8MzEwNjc2MXx8ZW58MHx8fHx8', 'path': 'full/b89215bbb8cd822988b230facd39b2ff2048c1d4.jpg', 'checksum': '4ee34f5b8c75b68f485ce9f1b8c98cd8', 'status': 'uptodate'}, {'url': 'https://images.unsplash.com/photo-1471733091092-73a03861dea7?fm=jpg&amp;q=60&amp;w=3000&amp;ixlib=rb-4.0.3&amp;ixid=M3wxMjA3fDB8MHxjb2xsZWN0aW9uLXRodW1ibmFpbHx8ODgwODI3NXx8ZW58MHx8fHx8', 'path': 'full/36e203e1a2c086a169907f171da1dae95318cea8.jpg', 'checksum': 'ca9c0949c4291c95fe24101ca6fe87a6', 'status': 'uptodate'}, {'url': 'https://images.unsplash.com/photo-1518950957614-73ac0a001408?fm=jpg&amp;q=60&amp;w=3000&amp;ixlib=rb-4.0.3&amp;ixid=M3wxMjA3fDB8MHxjb2xsZWN0aW9uLXRodW1ibmFpbHx8ODgwODI3NXx8ZW58MHx8fHx8', 'path': 'full/7a434f2c199c2e170371276bcfb4be52a9ee84c6.jpg', 'checksum': '4c39de46417009a20d6a7c3c2de725a7', 'status': 'uptodate'}, {'url': 'https://images.unsplash.com/photo-1570186235090-f63dd817abbe?fm=jpg&amp;q=60&amp;w=3000&amp;ixlib=rb-4.0.3&amp;ixid=M3wxMjA3fDB8MHxjb2xsZWN0aW9uLXRodW1ibmFpbHx8ODgwODI3NXx8ZW58MHx8fHx8', 'path': 'full/9f817c0b2dbd4734277af8139744befd7bfacef8.jpg', 'checksum': 'e8503dc9aa423c9b60a9003cd715053b', 'status': 'uptodate'}]",https://unsplash.com/photos/shooting-star-in-night-sky-5LOhydOtTKU
tyvdh,digital wallpaper of eclipse,"[{'url': 'https://images.unsplash.com/profile-fb-1456500929-3e55e17bee20.jpg?fm=jpg&amp;q=60&amp;w=3000&amp;ixlib=rb-4.0.3&amp;crop=faces&amp;fit=crop&amp;h=32', 'path': 'full/95378150394eb16134e886477043f7e7c3aba17d.jpg', 'checksum': 'e83dce039d04685f3bfb68d6fedf2271', 'status': 'uptodate'}, {'url': 'https://images.unsplash.com/photo-1504192010706-dd7f569ee2be?fm=jpg&amp;q=60&amp;w=3000&amp;ixlib=rb-4.0.3&amp;ixid=M3wxMjA3fDB8MHxwaG90by1wYWdlfHx8fGVufDB8fHx8fA%3D%3D', 'path': 'full/ac63943f677d05c6e6c3b88c3c5f1649d9845bd5.jpg', 'checksum': '62e11108c8469919759401f7bdd3133d', 'status': 'uptodate'}, {'url': 'https://images.unsplash.com/photo-1504192010706-dd7f569ee2be?fm=jpg&amp;q=60&amp;w=3000&amp;ixlib=rb-4.0.3&amp;ixid=M3wxMjA3fDB8MHxwaG90by1wYWdlfHx8fGVufDB8fHx8fA%3D%3D', 'path': 'full/ac63943f677d05c6e6c3b88c3c5f1649d9845bd5.jpg', 'checksum': '62e11108c8469919759401f7bdd3133d', 'status': 'uptodate'}, {'url': 'https://images.unsplash.com/photo-1547908343-3b39c4b1d0e7?fm=jpg&amp;q=60&amp;w=3000&amp;ixlib=rb-4.0.3&amp;ixid=M3wxMjA3fDB8MHxjb2xsZWN0aW9uLXRodW1ibmFpbHx8MTExMTU3NXx8ZW58MHx8fHx8', 'path': 'full/622504e126fd218ba1aa90d796a1c3aaa7f2612c.jpg', 'checksum': '15cc5fb2d025b376d9b7bc39aee2fec1', 'status': 'uptodate'}, {'url': 'https://images.unsplash.com/photo-1539721972319-f0e80a00d424?fm=jpg&amp;q=60&amp;w=3000&amp;ixlib=rb-4.0.3&amp;ixid=M3wxMjA3fDB8MHxjb2xsZWN0aW9uLXRodW1ibmFpbHx8MTExMTU3NXx8ZW58MHx8fHx8', 'path': 'full/722ce18e77883d182dda21da60229478a4c7a2f1.jpg', 'checksum': '5a7adfbc13845b72290938f0a9534f9f', 'status': 'uptodate'}, {'url': 'https://images.unsplash.com/photo-1538370965046-79c0d6907d47?fm=jpg&amp;q=60&amp;w=3000&amp;ixlib=rb-4.0.3&amp;ixid=M3wxMjA3fDB8MHxjb2xsZWN0aW9uLXRodW1ibmFpbHx8MTExMTU3NXx8ZW58MHx8fHx8', 'path': 'full/d62ccad48768d2228c24853aaef74eef9fb39c9c.jpg', 'checksum': '280c879eefc37bcdd534e1788d3d729a', 'status': 'uptodate'}, {'url': 'https://images.unsplash.com/photo-1504192010706-dd7f569ee2be?fm=jpg&amp;q=60&amp;w=3000&amp;ixlib=rb-4.0.3&amp;ixid=M3wxMjA3fDB8MHxjb2xsZWN0aW9uLXRodW1ibmFpbHx8ODY0MzMzOHx8ZW58MHx8fHx8', 'path': 'full/d0de8f7299877779e55cc9b5ddf2bd9a0e59721d.jpg', 'checksum': '62e11108c8469919759401f7bdd3133d', 'status': 'uptodate'}, {'url': 'https://images.unsplash.com/photo-1517754461499-9930e2b54957?fm=jpg&amp;q=60&amp;w=3000&amp;ixlib=rb-4.0.3&amp;ixid=M3wxMjA3fDB8MHxjb2xsZWN0aW9uLXRodW1ibmFpbHx8ODY0MzMzOHx8ZW58MHx8fHx8', 'path': 'full/de3007797468eef47de9a52191b4159741253698.jpg', 'checksum': '31c5092dc397a9264bfc0f26196fe6e0', 'status': 'uptodate'}, {'url': 'https://images.unsplash.com/photo-1490775949603-0e355e8e01ba?fm=jpg&amp;q=60&amp;w=3000&amp;ixlib=rb-4.0.3&amp;ixid=M3wxMjA3fDB8MHxjb2xsZWN0aW9uLXRodW1ibmFpbHx8ODY0MzMzOHx8ZW58MHx8fHx8', 'path': 'full/cef206f382e98746bb36e368638273726a35bffa.jpg', 'checksum': '8ea18ddbeb4b1dc51feaeb32459e0004', 'status': 'uptodate'}, {'url': 'https://images.unsplash.com/photo-1531124320343-0b7949580211?fm=jpg&amp;q=60&amp;w=3000&amp;ixlib=rb-4.0.3&amp;ixid=M3wxMjA3fDB8MHxjb2xsZWN0aW9uLXRodW1ibmFpbHx8OTI1NjAzMnx8ZW58MHx8fHx8', 'path': 'full/1061d1d05a3ff0905da18f603840ae8f2c624d1d.jpg', 'checksum': '8fb56679735e626ff78c52ad67ed1ed0', 'status': 'uptodate'}, {'url': 'https://images.unsplash.com/photo-1518514854541-fe58ae2a5ef1?fm=jpg&amp;q=60&amp;w=3000&amp;ixlib=rb-4.0.3&amp;ixid=M3wxMjA3fDB8MHxjb2xsZWN0aW9uLXRodW1ibmFpbHx8OTI1NjAzMnx8ZW58MHx8fHx8', 'path': 'full/ce4250d2a03f701504dcb29da7cb2855522a9bc4.jpg', 'checksum': 'bd323834af5e2330e8997efa6c644c3b', 'status': 'uptodate'}, {'url': 'https://images.unsplash.com/photo-1551794804-840faad68ba9?fm=jpg&amp;q=60&amp;w=3000&amp;ixlib=rb-4.0.3&amp;ixid=M3wxMjA3fDB8MHxjb2xsZWN0aW9uLXRodW1ibmFpbHx8OTI1NjAzMnx8ZW58MHx8fHx8', 'path': 'full/2207af52e3bcb41b1c3a2eff6a642faec9febf9f.jpg', 'checksum': '89be44af5ea556c864e65ccfe5ae170a', 'status': 'uptodate'}]",https://unsplash.com/photos/digital-wallpaper-of-eclipse-_ok8uVzL2gI
Available for hire,timelapse photography of warped lines,"[{'url': 'https://images.unsplash.com/profile-1502669002421-a8d274ad2897?fm=jpg&amp;q=60&amp;w=3000&amp;ixlib=rb-4.0.3&amp;crop=faces&amp;fit=crop&amp;h=32', 'path': 'full/f7096fb197c6e67e74f635ee684a2ccb419e4c29.jpg', 'checksum': '786da07a87a155221d0657469bec5a78', 'status': 'uptodate'}, {'url': 'https://images.unsplash.com/photo-1537420327992-d6e192287183?fm=jpg&amp;q=60&amp;w=3000&amp;ixlib=rb-4.0.3&amp;ixid=M3wxMjA3fDB8MHxwaG90by1wYWdlfHx8fGVufDB8fHx8fA%3D%3D', 'path': 'full/7cd607f4ceb07fb84dae7a5fc67a7fa4f59402c7.jpg', 'checksum': 'b72b17ac1d653ddab7687e68ab398904', 'status': 'uptodate'}, {'url': 'https://images.unsplash.com/photo-1537420327992-d6e192287183?fm=jpg&amp;q=60&amp;w=3000&amp;ixlib=rb-4.0.3&amp;ixid=M3wxMjA3fDB8MHxwaG90by1wYWdlfHx8fGVufDB8fHx8fA%3D%3D', 'path': 'full/7cd607f4ceb07fb84dae7a5fc67a7fa4f59402c7.jpg', 'checksum': 'b72b17ac1d653ddab7687e68ab398904', 'status': 'uptodate'}, {'url': 'https://images.unsplash.com/photo-1583506140156-6e343f045b81?fm=jpg&amp;q=60&amp;w=3000&amp;ixlib=rb-4.0.3&amp;ixid=M3wxMjA3fDB8MHxjb2xsZWN0aW9uLXRodW1ibmFpbHx8NDYxOTU2fHxlbnwwfHx8fHw%3D', 'path': 'full/5d4f87248bfcc45463ebc56c0d511ed4a05d4328.jpg', 'checksum': '325f1a9acbf4e9b7c5b9b726665f0b21', 'status': 'uptodate'}, {'url': 'https://images.unsplash.com/photo-1587979245915-65f8ea21c8db?fm=jpg&amp;q=60&amp;w=3000&amp;ixlib=rb-4.0.3&amp;ixid=M3wxMjA3fDB8MHxjb2xsZWN0aW9uLXRodW1ibmFpbHx8NDYxOTU2fHxlbnwwfHx8fHw%3D', 'path': 'full/27569d9422fac27be33277ea580a1973c53ba98b.jpg', 'checksum': '40bcc01d719e5e4c9a17151ab9273136', 'status': 'uptodate'}, {'url': 'https://images.unsplash.com/photo-1496450681664-3df85efbd29f?fm=jpg&amp;q=60&amp;w=3000&amp;ixlib=rb-4.0.3&amp;ixid=M3wxMjA3fDB8MHxjb2xsZWN0aW9uLXRodW1ibmFpbHx8NDYxOTU2fHxlbnwwfHx8fHw%3D', 'path': 'full/bafa9625932b104a6e37295c9974ff7876e85109.jpg', 'checksum': '9f3cf5e534ce3caf1a6715eaa96f4473', 'status': 'uptodate'}, {'url': 'https://images.unsplash.com/photo-1581345628940-6279db518955?fm=jpg&amp;q=60&amp;w=3000&amp;ixlib=rb-4.0.3&amp;ixid=M3wxMjA3fDB8MHxjb2xsZWN0aW9uLXRodW1ibmFpbHx8OWdSUTJWOEdFZll8fGVufDB8fHx8fA%3D%3D', 'path': 'full/069054237c78b4e2aa6571a2c4b89aa9de5112ff.jpg', 'checksum': '4ab1a3a4ff53ec84790139390d7db3cc', 'status': 'uptodate'}, {'url': 'https://images.unsplash.com/photo-1551893478-d726eaf0442c?fm=jpg&amp;q=60&amp;w=3000&amp;ixlib=rb-4.0.3&amp;ixid=M3wxMjA3fDB8MHxjb2xsZWN0aW9uLXRodW1ibmFpbHx8OWdSUTJWOEdFZll8fGVufDB8fHx8fA%3D%3D', 'path': 'full/765a55d0bd0beaf59bd5c377556740ed90a021ce.jpg', 'checksum': '5b7e86265c76cecd2cd459d909f03e61', 'status': 'uptodate'}, {'url': 'https://images.unsplash.com/photo-1582058989417-5b48e919ff84?fm=jpg&amp;q=60&amp;w=3000&amp;ixlib=rb-4.0.3&amp;ixid=M3wxMjA3fDB8MHxjb2xsZWN0aW9uLXRodW1ibmFpbHx8OWdSUTJWOEdFZll8fGVufDB8fHx8fA%3D%3D', 'path': 'full/d1504c92bf382aa88be41fcbcb8bd2f7dea63da0.jpg', 'checksum': 'e5f3113c29dea2671f28d79d395fd1f3', 'status': 'uptodate'}, {'url': 'https://images.unsplash.com/photo-1528571418557-664a69926796?fm=jpg&amp;q=60&amp;w=3000&amp;ixlib=rb-4.0.3&amp;ixid=M3wxMjA3fDB8MHxjb2xsZWN0aW9uLXRodW1ibmFpbHx8YlRSQUJyWENhMjB8fGVufDB8fHx8fA%3D%3D', 'path': 'full/7c78a68e4d996b5cb032f19f01b044c81ccdcb80.jpg', 'checksum': '21788c3ddc0db7ed4c7172085a062dea', 'status': 'uptodate'}, {'url': 'https://images.unsplash.com/photo-1502675135487-e971002a6adb?fm=jpg&amp;q=60&amp;w=3000&amp;ixlib=rb-4.0.3&amp;ixid=M3wxMjA3fDB8MHxjb2xsZWN0aW9uLXRodW1ibmFpbHx8YlRSQUJyWENhMjB8fGVufDB8fHx8fA%3D%3D', 'path': 'full/71f445a5a30a28bdbdaa302527e87ffdf9144f2a.jpg', 'checksum': 'c921b383fcb71ab97d5e683ffba87e33', 'status': 'uptodate'}, {'url': 'https://images.unsplash.com/photo-1537420327992-d6e192287183?fm=jpg&amp;q=60&amp;w=3000&amp;ixlib=rb-4.0.3&amp;ixid=M3wxMjA3fDB8MHxjb2xsZWN0aW9uLXRodW1ibmFpbHx8YlRSQUJyWENhMjB8fGVufDB8fHx8fA%3D%3D', 'path': 'full/cf1131d4e79f2f716cbd441e3367c837c6cc9a08.jpg', 'checksum': 'b72b17ac1d653ddab7687e68ab398904', 'status': 'uptodate'}]",https://unsplash.com/photos/timelapse-photography-of-warped-lines-RmoWqDCqN2E
Steve Johnson,a man standing on top of a rocky hill,"[{'url': 'https://images.unsplash.com/profile-1694200655992-0dd297536621image?fm=jpg&amp;q=60&amp;w=3000&amp;ixlib=rb-4.0.3&amp;crop=faces&amp;fit=crop&amp;h=32', 'path': 'full/1d956ea373a4266d9be6fd38f96e69374ba44a0d.jpg', 'checksum': '0c789e5a77157a6f504f6c9ecf54248b', 'status': 'uptodate'}, {'url': 'https://images.unsplash.com/photo-1651251367275-790291497b7d?fm=jpg&amp;q=60&amp;w=3000&amp;ixlib=rb-4.0.3&amp;ixid=M3wxMjA3fDB8MHxjb2xsZWN0aW9uLXRodW1ibmFpbHx8WEVjQXhldVdRV0l8fGVufDB8fHx8fA%3D%3D', 'path': 'full/586cb48c694a078e193560151816d9f5e486098f.jpg', 'checksum': 'e1c2d5b8724e4ca8c0d9a76823931918', 'status': 'uptodate'}, {'url': 'https://images.unsplash.com/photo-1583309219338-a582f1f9ca6b?fm=jpg&amp;q=60&amp;w=3000&amp;ixlib=rb-4.0.3&amp;ixid=M3wxMjA3fDB8MHxjb2xsZWN0aW9uLXRodW1ibmFpbHx8WEVjQXhldVdRV0l8fGVufDB8fHx8fA%3D%3D', 'path': 'full/b07651acb040ccd8865150a9fbce916d2f902f97.jpg', 'checksum': '0dc0afba617be68c46fa76aeaeedc1dc', 'status': 'uptodate'}, {'url': 'https://images.unsplash.com/photo-1568405336404-1fefdca58699?fm=jpg&amp;q=60&amp;w=3000&amp;ixlib=rb-4.0.3&amp;ixid=M3wxMjA3fDB8MHxjb2xsZWN0aW9uLXRodW1ibmFpbHx8WEVjQXhldVdRV0l8fGVufDB8fHx8fA%3D%3D', 'path': 'full/8b1c0653a6a206ec633c657491f057788dd74d70.jpg', 'checksum': '220ceec054bbf1b53bc024688616ce01', 'status': 'uptodate'}]",https://unsplash.com/photos/a-man-standing-on-top-of-a-rocky-hill-FXg_F0ZJcmM
n8rayfield,green leafed tree on body of water under starry sky,"[{'url': 'https://images.unsplash.com/profile-1542382602700-f0f2b61c2719?fm=jpg&amp;q=60&amp;w=3000&amp;ixlib=rb-4.0.3&amp;crop=faces&amp;fit=crop&amp;h=32', 'path': 'full/85a1c96394d88fb557df685f8d3f882c55a5128d.jpg', 'checksum': '32f660d4634bde63fd988589cf672c95', 'status': 'uptodate'}, {'url': 'https://images.unsplash.com/photo-1502318217862-aa4e294ba657?fm=jpg&amp;q=60&amp;w=3000&amp;ixlib=rb-4.0.3&amp;ixid=M3wxMjA3fDB8MHxwaG90by1wYWdlfHx8fGVufDB8fHx8fA%3D%3D', 'path': 'full/4f9b9d7be9c265163e33bed6917706293a061cc0.jpg', 'checksum': 'e05b1850c3ffd975627dfdbedd5655d4', 'status': 'uptodate'}, {'url': 'https://images.unsplash.com/photo-1502318217862-aa4e294ba657?fm=jpg&amp;q=60&amp;w=3000&amp;ixlib=rb-4.0.3&amp;ixid=M3wxMjA3fDB8MHxwaG90by1wYWdlfHx8fGVufDB8fHx8fA%3D%3D', 'path': 'full/4f9b9d7be9c265163e33bed6917706293a061cc0.jpg', 'checksum': 'e05b1850c3ffd975627dfdbedd5655d4', 'status': 'uptodate'}, {'url': 'https://images.unsplash.com/photo-1502311526760-ebc5d6cc0183?fm=jpg&amp;q=60&amp;w=3000&amp;ixlib=rb-4.0.3&amp;ixid=M3wxMjA3fDB8MHxjb2xsZWN0aW9uLXRodW1ibmFpbHx8MTAwNjA5OTR8fGVufDB8fHx8fA%3D%3D', 'path': 'full/f828ca30cc14433f5fbc4e10111b45b178da1a9a.jpg', 'checksum': '5e5e32abc01bc70bbac44cd092cb5645', 'status': 'uptodate'}, {'url': 'https://images.unsplash.com/photo-1664435762760-336bfd247a97?fm=jpg&amp;q=60&amp;w=3000&amp;ixlib=rb-4.0.3&amp;ixid=M3wxMjA3fDB8MHxjb2xsZWN0aW9uLXRodW1ibmFpbHx8MTAwNjA5OTR8fGVufDB8fHx8fA%3D%3D', 'path': 'full/e496802633e2a7fa9ad1f86aafd3512be3c69881.jpg', 'checksum': '33c877372ea549394cc711001c700dd9', 'status': 'uptodate'}, {'url': 'https://images.unsplash.com/photo-1652175083753-1fbb5f793dc9?fm=jpg&amp;q=60&amp;w=3000&amp;ixlib=rb-4.0.3&amp;ixid=M3wxMjA3fDB8MHxjb2xsZWN0aW9uLXRodW1ibmFpbHx8MTAwNjA5OTR8fGVufDB8fHx8fA%3D%3D', 'path': 'full/d62f5314380c22175de5e4343348860fc0fe2270.jpg', 'checksum': 'b5934eb5fc5cc896af7c696e660f8c62', 'status': 'uptodate'}, {'url': 'https://images.unsplash.com/photo-1520103713487-e668554445c9?fm=jpg&amp;q=60&amp;w=3000&amp;ixlib=rb-4.0.3&amp;ixid=M3wxMjA3fDB8MHxjb2xsZWN0aW9uLXRodW1ibmFpbHx8MzcyNzg5Nnx8ZW58MHx8fHx8', 'path': 'full/23082993ddb9e35d01d2acc6a1f0d90f0b39e004.jpg', 'checksum': '57390dad9a5b95a1da2d59cce0082a58', 'status': 'uptodate'}, {'url': 'https://images.unsplash.com/photo-1489386659872-204f4f861691?fm=jpg&amp;q=60&amp;w=3000&amp;ixlib=rb-4.0.3&amp;ixid=M3wxMjA3fDB8MHxjb2xsZWN0aW9uLXRodW1ibmFpbHx8MzcyNzg5Nnx8ZW58MHx8fHx8', 'path': 'full/eb35238790b1e59617130804daef5a8cb7612e07.jpg', 'checksum': '3fedf72fa57112772570f4fef6717e1f', 'status': 'uptodate'}, {'url': 'https://images.unsplash.com/photo-1515825838458-f2a94b20105a?fm=jpg&amp;q=60&amp;w=3000&amp;ixlib=rb-4.0.3&amp;ixid=M3wxMjA3fDB8MHxjb2xsZWN0aW9uLXRodW1ibmFpbHx8MzcyNzg5Nnx8ZW58MHx8fHx8', 'path': 'full/2e72a7cebff64778c89b95f623555fd08d5e545e.jpg', 'checksum': 'fa88818c756bf1abfa50c1318c8ec45e', 'status': 'uptodate'}, {'url': 'https://images.unsplash.com/photo-1506607541365-d0c9593de494?fm=jpg&amp;q=60&amp;w=3000&amp;ixlib=rb-4.0.3&amp;ixid=M3wxMjA3fDB8MHxjb2xsZWN0aW9uLXRodW1ibmFpbHx8RmhoTmNkWlY5ZmN8fGVufDB8fHx8fA%3D%3D', 'path': 'full/8c88091e1feb24f13ed8de8e7cdcac99ace2e821.jpg', 'checksum': '06b4eb62be572c34bec17532325880d1', 'status': 'uptodate'}, {'url': 'https://images.unsplash.com/photo-1444723121867-7a241cacace9?fm=jpg&amp;q=60&amp;w=3000&amp;ixlib=rb-4.0.3&amp;ixid=M3wxMjA3fDB8MHxjb2xsZWN0aW9uLXRodW1ibmFpbHx8RmhoTmNkWlY5ZmN8fGVufDB8fHx8fA%3D%3D', 'path': 'full/3237860891656029e0fef26bdc16e1a7155115de.jpg', 'checksum': 'dd4c659b111e148993158f14063e05f8', 'status': 'uptodate'}, {'url': 'https://images.unsplash.com/photo-1622960748104-094380e1d892?fm=jpg&amp;q=60&amp;w=3000&amp;ixlib=rb-4.0.3&amp;ixid=M3wxMjA3fDB8MHxjb2xsZWN0aW9uLXRodW1ibmFpbHx8RmhoTmNkWlY5ZmN8fGVufDB8fHx8fA%3D%3D', 'path': 'full/7c5f56c200d22ff227b7adfdd2921e46eddf0593.jpg', 'checksum': '62b14bf22488b377ef63f21a70d9fa12', 'status': 'uptodate'}]",https://unsplash.com/photos/green-leafed-tree-on-body-of-water-under-starry-sky-_WR6tUIAJe8
spacex,A space satellite hovering above the coastline,"[{'url': 'https://images.unsplash.com/profile-1457364476443-bc2ab92c9689?fm=jpg&amp;q=60&amp;w=3000&amp;ixlib=rb-4.0.3&amp;crop=faces&amp;fit=crop&amp;h=32', 'path': 'full/bd09a102e34991c2833db717828eea339168d867.jpg', 'checksum': '4f655c65845bc35af3047d5f6b8b214e', 'status': 'uptodate'}, {'url': 'https://images.unsplash.com/photo-1460186136353-977e9d6085a1?fm=jpg&amp;q=60&amp;w=3000&amp;ixlib=rb-4.0.3&amp;ixid=M3wxMjA3fDB8MHxwaG90by1wYWdlfHx8fGVufDB8fHx8fA%3D%3D', 'path': 'full/1e75823737906c3ecb01a8a1f5646434f718de63.jpg', 'checksum': '5bd3919410f755bafc1a14cb8fe7e178', 'status': 'uptodate'}, {'url': 'https://images.unsplash.com/photo-1460186136353-977e9d6085a1?fm=jpg&amp;q=60&amp;w=3000&amp;ixlib=rb-4.0.3&amp;ixid=M3wxMjA3fDB8MHxwaG90by1wYWdlfHx8fGVufDB8fHx8fA%3D%3D', 'path': 'full/1e75823737906c3ecb01a8a1f5646434f718de63.jpg', 'checksum': '5bd3919410f755bafc1a14cb8fe7e178', 'status': 'uptodate'}, {'url': 'https://images.unsplash.com/photo-1491938784821-0eef4e1238ea?fm=jpg&amp;q=60&amp;w=3000&amp;ixlib=rb-4.0.3&amp;ixid=M3wxMjA3fDB8MHxjb2xsZWN0aW9uLXRodW1ibmFpbHx8MTAyMzQ4Mnx8ZW58MHx8fHx8', 'path': 'full/147719acb3eedb67e019fbb6de146137dea32324.jpg', 'checksum': 'bbe8f063a3358bac5f149d56a25f998d', 'status': 'uptodate'}, {'url': 'https://images.unsplash.com/photo-1472313420546-a46e561861d8?fm=jpg&amp;q=60&amp;w=3000&amp;ixlib=rb-4.0.3&amp;ixid=M3wxMjA3fDB8MHxjb2xsZWN0aW9uLXRodW1ibmFpbHx8MTAyMzQ4Mnx8ZW58MHx8fHx8', 'path': 'full/31b191285b8a56e3e63fdd021d009ed82dbdc77d.jpg', 'checksum': '38ea4b5c259d3d608ae86dee4f34a76b', 'status': 'uptodate'}, {'url': 'https://images.unsplash.com/photo-1464013778555-8e723c2f01f8?fm=jpg&amp;q=60&amp;w=3000&amp;ixlib=rb-4.0.3&amp;ixid=M3wxMjA3fDB8MHxjb2xsZWN0aW9uLXRodW1ibmFpbHx8MTAyMzQ4Mnx8ZW58MHx8fHx8', 'path': 'full/d4476a28ebb2e2dc8e6d11ca1355fc5ee628b85f.jpg', 'checksum': '146cc540aca738bd65d9132e29d1f3ad', 'status': 'uptodate'}, {'url': 'https://images.unsplash.com/photo-1504805572947-34fad45aed93?fm=jpg&amp;q=60&amp;w=3000&amp;ixlib=rb-4.0.3&amp;ixid=M3wxMjA3fDB8MHxjb2xsZWN0aW9uLXRodW1ibmFpbHx8MzMwMDAxNnx8ZW58MHx8fHx8', 'path': 'full/4431f3504cb81fc0eafcdde835088718a6facca5.jpg', 'checksum': '072033d387e4bd43bb3111593163262f', 'status': 'uptodate'}, {'url': 'https://images.unsplash.com/photo-1503356853127-906eb9e6ff1f?fm=jpg&amp;q=60&amp;w=3000&amp;ixlib=rb-4.0.3&amp;ixid=M3wxMjA3fDB8MHxjb2xsZWN0aW9uLXRodW1ibmFpbHx8MzMwMDAxNnx8ZW58MHx8fHx8', 'path': 'full/df4683bd5679229f40576920c790fe794f808222.jpg', 'checksum': '43e50f13466fa1039b73e4c5052740a9', 'status': 'uptodate'}, {'url': 'https://images.unsplash.com/photo-1511530163412-158137b5d7a3?fm=jpg&amp;q=60&amp;w=3000&amp;ixlib=rb-4.0.3&amp;ixid=M3wxMjA3fDB8MHxjb2xsZWN0aW9uLXRodW1ibmFpbHx8MzMwMDAxNnx8ZW58MHx8fHx8', 'path': 'full/7e5bc0c7ccc137784f3360efd8385f4c9cfbbe3d.jpg', 'checksum': 'c06ddd404bcf4800ca2da80e160707c7', 'status': 'uptodate'}, {'url': 'https://images.unsplash.com/photo-1532713342531-556b893e7578?fm=jpg&amp;q=60&amp;w=3000&amp;ixlib=rb-4.0.3&amp;ixid=M3wxMjA3fDB8MHxjb2xsZWN0aW9uLXRodW1ibmFpbHx8Y2hSUGhPQVdNSlF8fGVufDB8fHx8fA%3D%3D', 'path': 'full/76027eb220511dc329202928c0e682eeb8682e8a.jpg', 'checksum': 'e6469e5b149bcd50272f13b901d9be54', 'status': 'uptodate'}, {'url': 'https://images.unsplash.com/photo-1444526110212-06a94d9a473c?fm=jpg&amp;q=60&amp;w=3000&amp;ixlib=rb-4.0.3&amp;ixid=M3wxMjA3fDB8MHxjb2xsZWN0aW9uLXRodW1ibmFpbHx8Y2hSUGhPQVdNSlF8fGVufDB8fHx8fA%3D%3D', 'path': 'full/7a46e32ebd1ddd5e4e6304c6fd88982ab96e2857.jpg', 'checksum': '395139b7b4e4c24d28e61a230d78cfe3', 'status': 'uptodate'}, {'url': 'https://images.unsplash.com/photo-1505424351836-ae484638c2be?fm=jpg&amp;q=60&amp;w=3000&amp;ixlib=rb-4.0.3&amp;ixid=M3wxMjA3fDB8MHxjb2xsZWN0aW9uLXRodW1ibmFpbHx8Y2hSUGhPQVdNSlF8fGVufDB8fHx8fA%3D%3D', 'path': 'full/5e8916a29cd0d3b24966734d08ec37901fcfe63e.jpg', 'checksum': '0be8b0045b52b369057712fa11327225', 'status': 'uptodate'}]",https://unsplash.com/photos/a-space-satellite-hovering-above-the-coastline-VBNb52J8Trk
historyhd,astronaut standing on gray sand,"[{'url': 'https://images.unsplash.com/profile-1541725625858-8b45e61d2ada?fm=jpg&amp;q=60&amp;w=3000&amp;ixlib=rb-4.0.3&amp;crop=faces&amp;fit=crop&amp;h=32', 'path': 'full/93b4d17cfd22bd0ac5b9e0bd2e3bf7778debbd2f.jpg', 'checksum': '63b5629382c8919f452f5fb14b6c27bb', 'status': 'uptodate'}, {'url': 'https://images.unsplash.com/photo-1541873676-a18131494184?fm=jpg&amp;q=60&amp;w=3000&amp;ixlib=rb-4.0.3&amp;ixid=M3wxMjA3fDB8MHxwaG90by1wYWdlfHx8fGVufDB8fHx8fA%3D%3D', 'path': 'full/91240b3c13cf7f9721d0da865ef8e634a6631586.jpg', 'checksum': '3a61840d91ffa34cdc5e6d5e0b0258e7', 'status': 'uptodate'}, {'url': 'https://images.unsplash.com/photo-1541873676-a18131494184?fm=jpg&amp;q=60&amp;w=3000&amp;ixlib=rb-4.0.3&amp;ixid=M3wxMjA3fDB8MHxwaG90by1wYWdlfHx8fGVufDB8fHx8fA%3D%3D', 'path': 'full/91240b3c13cf7f9721d0da865ef8e634a6631586.jpg', 'checksum': '3a61840d91ffa34cdc5e6d5e0b0258e7', 'status': 'uptodate'}, {'url': 'https://images.unsplash.com/photo-1674350369100-bc50d4da3580?fm=jpg&amp;q=60&amp;w=3000&amp;ixlib=rb-4.0.3&amp;ixid=M3wxMjA3fDB8MHxjb2xsZWN0aW9uLXRodW1ibmFpbHx8ODQ2MjMwN3x8ZW58MHx8fHx8', 'path': 'full/1a2ce9bf7194809f6b77e3630440c3b8286588ce.jpg', 'checksum': '75900795f310d076141b5e84bd4003c7', 'status': 'uptodate'}, {'url': 'https://images.unsplash.com/photo-1541873676-a18131494184?fm=jpg&amp;q=60&amp;w=3000&amp;ixlib=rb-4.0.3&amp;ixid=M3wxMjA3fDB8MHxjb2xsZWN0aW9uLXRodW1ibmFpbHx8OTYxMTEyNnx8ZW58MHx8fHx8', 'path': 'full/dae31da0582b91cad87d5900d3d386578fcbcc67.jpg', 'checksum': '3a61840d91ffa34cdc5e6d5e0b0258e7', 'status': 'uptodate'}, {'url': 'https://images.unsplash.com/photo-1481819613568-3701cbc70156?fm=jpg&amp;q=60&amp;w=3000&amp;ixlib=rb-4.0.3&amp;ixid=M3wxMjA3fDB8MHxjb2xsZWN0aW9uLXRodW1ibmFpbHx8OTYxMTEyNnx8ZW58MHx8fHx8', 'path': 'full/492daa52979c8775b96cdb36c6cd2cf166393f43.jpg', 'checksum': 'cce9114235bdbf766b89e7759534c0d0', 'status': 'uptodate'}, {'url': 'https://images.unsplash.com/photo-1556227702-5ec9eb8df3ff?fm=jpg&amp;q=60&amp;w=3000&amp;ixlib=rb-4.0.3&amp;ixid=M3wxMjA3fDB8MHxjb2xsZWN0aW9uLXRodW1ibmFpbHx8WUJGeFBVM205MGN8fGVufDB8fHx8fA%3D%3D', 'path': 'full/10bd538e723c4363345507a170f0d033b96faa2c.jpg', 'checksum': '934aec1eccd6e0e60471a9897056268f', 'status': 'uptodate'}, {'url': 'https://images.unsplash.com/photo-1570639300810-9eb6f5b3a91e?fm=jpg&amp;q=60&amp;w=3000&amp;ixlib=rb-4.0.3&amp;ixid=M3wxMjA3fDB8MHxjb2xsZWN0aW9uLXRodW1ibmFpbHx8WUJGeFBVM205MGN8fGVufDB8fHx8fA%3D%3D', 'path': 'full/3db38b0befed86a2ced527fc3bed593898997758.jpg', 'checksum': '88ae1ea8b0098829cd74085107843e2e', 'status': 'uptodate'}, {'url': 'https://images.unsplash.com/photo-1616394584738-fc6e612e71b9?fm=jpg&amp;q=60&amp;w=3000&amp;ixlib=rb-4.0.3&amp;ixid=M3wxMjA3fDB8MHxjb2xsZWN0aW9uLXRodW1ibmFpbHx8WUJGeFBVM205MGN8fGVufDB8fHx8fA%3D%3D', 'path': 'full/b8ba6ba5e362199d07581315ae2f789fe59bc7f7.jpg', 'checksum': 'b4d677e217ac6154c3942fcfd63322a3', 'status': 'uptodate'}]",https://unsplash.com/photos/astronaut-standing-on-gray-sand-e5eDHbmHprg
Planet Volumes,a black and white photo of the moon,"[{'url': 'https://images.unsplash.com/profile-1726340128403-31a8358b035cimage?fm=jpg&amp;q=60&amp;w=3000&amp;ixlib=rb-4.0.3&amp;crop=faces&amp;fit=crop&amp;h=32', 'path': 'full/43af01ecc354664c9f4d471b56cc9d4d8af75c1d.jpg', 'checksum': '6855d5380f09dc2e8ab064900d4cb7d0', 'status': 'uptodate'}, {'url': 'https://images.unsplash.com/photo-1444944232907-0b9e9ace348c?fm=jpg&amp;q=60&amp;w=3000&amp;ixlib=rb-4.0.3&amp;ixid=M3wxMjA3fDB8MHxjb2xsZWN0aW9uLXRodW1ibmFpbHx8MTIxNzE1Mjl8fGVufDB8fHx8fA%3D%3D', 'path': 'full/d73e8e75cb35cb95d08f4a15a00b3ed1072fdae2.jpg', 'checksum': 'd41c52f9b5505428d2a8d1e658f06671', 'status': 'uptodate'}, {'url': 'https://images.unsplash.com/photo-1501696461415-6bd6660c6742?fm=jpg&amp;q=60&amp;w=3000&amp;ixlib=rb-4.0.3&amp;ixid=M3wxMjA3fDB8MHxjb2xsZWN0aW9uLXRodW1ibmFpbHx8MTIxNzE1Mjl8fGVufDB8fHx8fA%3D%3D', 'path': 'full/8166572aba9e0769ec2486cf5f6fe5247048ffd0.jpg', 'checksum': '4245efcc807f9e13b17b822c568d2a31', 'status': 'uptodate'}, {'url': 'https://images.unsplash.com/photo-1530173944787-14b2aa47450a?fm=jpg&amp;q=60&amp;w=3000&amp;ixlib=rb-4.0.3&amp;ixid=M3wxMjA3fDB8MHxjb2xsZWN0aW9uLXRodW1ibmFpbHx8MTIxNzE1Mjl8fGVufDB8fHx8fA%3D%3D', 'path': 'full/f9e065fece066016ee75ea602e41e25e7da3d6a7.jpg', 'checksum': '4b389cf0b0411584c9808426baa14f91', 'status': 'uptodate'}, {'url': 'https://images.unsplash.com/photo-1692537805923-bee786710b7c?fm=jpg&amp;q=60&amp;w=3000&amp;ixlib=rb-4.0.3&amp;ixid=M3wxMjA3fDB8MHxjb2xsZWN0aW9uLXRodW1ibmFpbHx8V09QUG9lOGVkR018fGVufDB8fHx8fA%3D%3D', 'path': 'full/323318c1d60bfeab87414436f14c534738167d41.jpg', 'checksum': 'add7f11fa3f7991835ebc48f3c435ef8', 'status': 'uptodate'}]",https://unsplash.com/photos/a-black-and-white-photo-of-the-moon-AwuGkDNrhVc
nasa,photo of moon surface,"[{'url': 'https://images.unsplash.com/profile-1446819291540-625b8478e701?fm=jpg&amp;q=60&amp;w=3000&amp;ixlib=rb-4.0.3&amp;crop=faces&amp;fit=crop&amp;h=32', 'path': 'full/0c403721fd0fe0543286edeb059ac5c8a9f67039.jpg', 'checksum': '29c2cd5b545833b2370b5198e81a822d', 'status': 'uptodate'}, {'url': 'https://images.unsplash.com/photo-1447433589675-4aaa569f3e05?fm=jpg&amp;q=60&amp;w=3000&amp;ixlib=rb-4.0.3&amp;ixid=M3wxMjA3fDB8MHxwaG90by1wYWdlfHx8fGVufDB8fHx8fA%3D%3D', 'path': 'full/953215244de6c300332d657cf908468e0769c575.jpg', 'checksum': 'a9a469c1445ff3ee201ad76a0d21669d', 'status': 'uptodate'}, {'url': 'https://images.unsplash.com/photo-1447433589675-4aaa569f3e05?fm=jpg&amp;q=60&amp;w=3000&amp;ixlib=rb-4.0.3&amp;ixid=M3wxMjA3fDB8MHxwaG90by1wYWdlfHx8fGVufDB8fHx8fA%3D%3D', 'path': 'full/953215244de6c300332d657cf908468e0769c575.jpg', 'checksum': 'a9a469c1445ff3ee201ad76a0d21669d', 'status': 'uptodate'}, {'url': 'https://images.unsplash.com/photo-1507908708918-778587c9e563?fm=jpg&amp;q=60&amp;w=3000&amp;ixlib=rb-4.0.3&amp;ixid=M3wxMjA3fDB8MHxjb2xsZWN0aW9uLXRodW1ibmFpbHx8MTIzODA1NHx8ZW58MHx8fHx8', 'path': 'full/5188a53e80f608e667007a5d469e5f0a032ac8ac.jpg', 'checksum': 'a74c73daa25db23253f7f4d91311c24b', 'status': 'uptodate'}, {'url': 'https://images.unsplash.com/photo-1503264116251-35a269479413?fm=jpg&amp;q=60&amp;w=3000&amp;ixlib=rb-4.0.3&amp;ixid=M3wxMjA3fDB8MHxjb2xsZWN0aW9uLXRodW1ibmFpbHx8MTIzODA1NHx8ZW58MHx8fHx8', 'path': 'full/50409e169e4031f38cae1d4d4bf28f88a3667f11.jpg', 'checksum': '0151439a75c3f83e1cb3afd9f5dbbabf', 'status': 'uptodate'}, {'url': 'https://images.unsplash.com/photo-1457365050282-c53d772ef8b2?fm=jpg&amp;q=60&amp;w=3000&amp;ixlib=rb-4.0.3&amp;ixid=M3wxMjA3fDB8MHxjb2xsZWN0aW9uLXRodW1ibmFpbHx8MTIzODA1NHx8ZW58MHx8fHx8', 'path': 'full/369258410cca83e759eeb443d6c1a797e04e81fc.jpg', 'checksum': 'bee14419bf2fedc5b2c1718581754ef9', 'status': 'uptodate'}, {'url': 'https://images.unsplash.com/photo-1447433589675-4aaa569f3e05?fm=jpg&amp;q=60&amp;w=3000&amp;ixlib=rb-4.0.3&amp;ixid=M3wxMjA3fDB8MHxjb2xsZWN0aW9uLXRodW1ibmFpbHx8MTgxNTQzM3x8ZW58MHx8fHx8', 'path': 'full/17bb1a60bd616692cf913c3e0f621ddf2647335a.jpg', 'checksum': 'a9a469c1445ff3ee201ad76a0d21669d', 'status': 'uptodate'}, {'url': 'https://images.unsplash.com/photo-1653525749885-46a75af1eb5d?fm=jpg&amp;q=60&amp;w=3000&amp;ixlib=rb-4.0.3&amp;ixid=M3wxMjA3fDB8MHxjb2xsZWN0aW9uLXRodW1ibmFpbHx8MTgxNTQzM3x8ZW58MHx8fHx8', 'path': 'full/bc38bed7e2a2556bbb08f195d6ad653c9af167cb.jpg', 'checksum': 'df0d6573b40012cb8ea7105119c30b6d', 'status': 'uptodate'}, {'url': 'https://images.unsplash.com/photo-1517407646106-25124bdfab79?fm=jpg&amp;q=60&amp;w=3000&amp;ixlib=rb-4.0.3&amp;ixid=M3wxMjA3fDB8MHxjb2xsZWN0aW9uLXRodW1ibmFpbHx8MTgxNTQzM3x8ZW58MHx8fHx8', 'path': 'full/0ad451d6315697b8679b6b1d7dc5932d114cef3f.jpg', 'checksum': 'b4517618c63eca90726a471a5eda2891', 'status': 'uptodate'}, {'url': 'https://images.unsplash.com/photo-1567245597254-6d1d617f89b0?fm=jpg&amp;q=60&amp;w=3000&amp;ixlib=rb-4.0.3&amp;ixid=M3wxMjA3fDB8MHxjb2xsZWN0aW9uLXRodW1ibmFpbHx8OTY1ODA0N3x8ZW58MHx8fHx8', 'path': 'full/5ce17e79e09f8e0e5d22f7e83b9260f278475fcc.jpg', 'checksum': 'd013de23d3d42a5f4e90ebf5a85f41ae', 'status': 'uptodate'}, {'url': 'https://images.unsplash.com/photo-1447433516455-abac93050eab?fm=jpg&amp;q=60&amp;w=3000&amp;ixlib=rb-4.0.3&amp;ixid=M3wxMjA3fDB8MHxjb2xsZWN0aW9uLXRodW1ibmFpbHx8OTY1ODA0N3x8ZW58MHx8fHx8', 'path': 'full/5c3a3629fd3cd3b20fb95ec34ddf515141a49a77.jpg', 'checksum': '7d684c82b5651458181578919e807235', 'status': 'uptodate'}, {'url': 'https://images.unsplash.com/photo-1547093349-65cdba98369a?fm=jpg&amp;q=60&amp;w=3000&amp;ixlib=rb-4.0.3&amp;ixid=M3wxMjA3fDB8MHxjb2xsZWN0aW9uLXRodW1ibmFpbHx8OTY1ODA0N3x8ZW58MHx8fHx8', 'path': 'full/4711cc7c328208e4daeff44e18468bce5a6e0ed1.jpg', 'checksum': '5a1a1db650a87b83fdf298e8f3db4e66', 'status': 'uptodate'}]",https://unsplash.com/photos/photo-of-moon-surface-jlV2k_Fx0fc
nasa,satellite flying on space,"[{'url': 'https://images.unsplash.com/profile-1446819291540-625b8478e701?fm=jpg&amp;q=60&amp;w=3000&amp;ixlib=rb-4.0.3&amp;crop=faces&amp;fit=crop&amp;h=32', 'path': 'full/0c403721fd0fe0543286edeb059ac5c8a9f67039.jpg', 'checksum': '29c2cd5b545833b2370b5198e81a822d', 'status': 'uptodate'}, {'url': 'https://images.unsplash.com/photo-1446776709462-d6b525c57bd3?fm=jpg&amp;q=60&amp;w=3000&amp;ixlib=rb-4.0.3&amp;ixid=M3wxMjA3fDB8MHxwaG90by1wYWdlfHx8fGVufDB8fHx8fA%3D%3D', 'path': 'full/0cfb41a116dd69780994c26ca11b05ed122c4a07.jpg', 'checksum': '92ae621a22a0d6675f4274c00b83f128', 'status': 'uptodate'}, {'url': 'https://images.unsplash.com/photo-1446776709462-d6b525c57bd3?fm=jpg&amp;q=60&amp;w=3000&amp;ixlib=rb-4.0.3&amp;ixid=M3wxMjA3fDB8MHxwaG90by1wYWdlfHx8fGVufDB8fHx8fA%3D%3D', 'path': 'full/0cfb41a116dd69780994c26ca11b05ed122c4a07.jpg', 'checksum': '92ae621a22a0d6675f4274c00b83f128', 'status': 'uptodate'}, {'url': 'https://images.unsplash.com/photo-1541701571234-ffe036ddf1d2?fm=jpg&amp;q=60&amp;w=3000&amp;ixlib=rb-4.0.3&amp;ixid=M3wxMjA3fDB8MHxjb2xsZWN0aW9uLXRodW1ibmFpbHx8ODYxMTc5NHx8ZW58MHx8fHx8', 'path': 'full/24e0be9f1031767667a1a8b0f50ecfed989a7807.jpg', 'checksum': 'f2a49afcba5324157a7d0ffe6d5d6dc1', 'status': 'uptodate'}, {'url': 'https://images.unsplash.com/photo-1504215680853-026ed2a45def?fm=jpg&amp;q=60&amp;w=3000&amp;ixlib=rb-4.0.3&amp;ixid=M3wxMjA3fDB8MHxjb2xsZWN0aW9uLXRodW1ibmFpbHx8ODYxMTc5NHx8ZW58MHx8fHx8', 'path': 'full/1e43c1e09fd009e42a5a68fe7551d0ce29dfba8f.jpg', 'checksum': '0717fc0cd22e5ad1aab843c596145622', 'status': 'uptodate'}, {'url': 'https://images.unsplash.com/photo-1528916653107-a7a7e52cae01?fm=jpg&amp;q=60&amp;w=3000&amp;ixlib=rb-4.0.3&amp;ixid=M3wxMjA3fDB8MHxjb2xsZWN0aW9uLXRodW1ibmFpbHx8ODYxMTc5NHx8ZW58MHx8fHx8', 'path': 'full/4bc0efa5c3cdfbdd900212842db65c71ce25f2c1.jpg', 'checksum': '1b92434402356305d20b6ce7650b1a9f', 'status': 'uptodate'}, {'url': 'https://images.unsplash.com/photo-1534996858221-380b92700493?fm=jpg&amp;q=60&amp;w=3000&amp;ixlib=rb-4.0.3&amp;ixid=M3wxMjA3fDB8MHxjb2xsZWN0aW9uLXRodW1ibmFpbHx8NTM4Mzg4MjR8fGVufDB8fHx8fA%3D%3D', 'path': 'full/ead90cc6043d499df460cf1ba192021ac177395a.jpg', 'checksum': '44ad4c0d45231deb73f766c7bc839993', 'status': 'uptodate'}, {'url': 'https://images.unsplash.com/photo-1547157720-52d782e55b83?fm=jpg&amp;q=60&amp;w=3000&amp;ixlib=rb-4.0.3&amp;ixid=M3wxMjA3fDB8MHxjb2xsZWN0aW9uLXRodW1ibmFpbHx8NTM4Mzg4MjR8fGVufDB8fHx8fA%3D%3D', 'path': 'full/388452fc0363775d7d8e9f66a6760a5edf4c42c9.jpg', 'checksum': 'e9dac598fc77c00a3dc7912857e81d3f', 'status': 'uptodate'}, {'url': 'https://images.unsplash.com/photo-1546514355-7fdc90ccbd03?fm=jpg&amp;q=60&amp;w=3000&amp;ixlib=rb-4.0.3&amp;ixid=M3wxMjA3fDB8MHxjb2xsZWN0aW9uLXRodW1ibmFpbHx8NTM4Mzg4MjR8fGVufDB8fHx8fA%3D%3D', 'path': 'full/d5c176c36b07ea98ec8c0cd9bfb9425b2b8e5b81.jpg', 'checksum': '76cc5b0578798179902382ae47d61b8e', 'status': 'uptodate'}, {'url': 'https://images.unsplash.com/photo-1726092708104-8ac69732f0ea?fm=jpg&amp;q=60&amp;w=3000&amp;ixlib=rb-4.0.3&amp;ixid=M3wxMjA3fDB8MHxjb2xsZWN0aW9uLXRodW1ibmFpbHx8a2ZobGVoRGlzZlV8fGVufDB8fHx8fA%3D%3D', 'path': 'full/daef25b969ee3321a7e11a0c3a0d6eb3445b6505.jpg', 'checksum': '45b0727843e0cca421c8d83ef542d22d', 'status': 'uptodate'}, {'url': 'https://images.unsplash.com/photo-1725984509121-926215743c5e?fm=jpg&amp;q=60&amp;w=3000&amp;ixlib=rb-4.0.3&amp;ixid=M3wxMjA3fDB8MHxjb2xsZWN0aW9uLXRodW1ibmFpbHx8a2ZobGVoRGlzZlV8fGVufDB8fHx8fA%3D%3D', 'path': 'full/25cfc39a41eefb9d6f3a55078e8ab82bcb60960a.jpg', 'checksum': '71b99402a37c8e54e7060ffc4a7ab966', 'status': 'uptodate'}, {'url': 'https://images.unsplash.com/photo-1658503606413-9d822871835c?fm=jpg&amp;q=60&amp;w=3000&amp;ixlib=rb-4.0.3&amp;ixid=M3wxMjA3fDB8MHxjb2xsZWN0aW9uLXRodW1ibmFpbHx8a2ZobGVoRGlzZlV8fGVufDB8fHx8fA%3D%3D', 'path': 'full/6f544a59fbc9b862a4981b76cbd51216acad76d9.jpg', 'checksum': 'adc1425f5cb789a03a7bed494be9c552', 'status': 'uptodate'}]",https://unsplash.com/photos/satellite-flying-on-space-8Hjx3GNZYeA
Available for hire,multicolored abstract painting,"[{'url': 'https://images.unsplash.com/profile-1632993142631-ebf7e5591c9bimage?fm=jpg&amp;q=60&amp;w=3000&amp;ixlib=rb-4.0.3&amp;crop=faces&amp;fit=crop&amp;h=32', 'path': 'full/5b236520363c52be171302e10c43ed69f239a790.jpg', 'checksum': 'a0c23a58398392750cee03f77fd3a0e3', 'status': 'uptodate'}, {'url': 'https://images.unsplash.com/photo-1484589065579-248aad0d8b13?fm=jpg&amp;q=60&amp;w=3000&amp;ixlib=rb-4.0.3&amp;ixid=M3wxMjA3fDB8MHxwaG90by1wYWdlfHx8fGVufDB8fHx8fA%3D%3D', 'path': 'full/44aaf1c3aba9c5c4b748bb90973f55d27d166c85.jpg', 'checksum': 'fddd91401ff6cbcef2743daf683b135f', 'status': 'uptodate'}, {'url': 'https://images.unsplash.com/photo-1484589065579-248aad0d8b13?fm=jpg&amp;q=60&amp;w=3000&amp;ixlib=rb-4.0.3&amp;ixid=M3wxMjA3fDB8MHxwaG90by1wYWdlfHx8fGVufDB8fHx8fA%3D%3D', 'path': 'full/44aaf1c3aba9c5c4b748bb90973f55d27d166c85.jpg', 'checksum': 'fddd91401ff6cbcef2743daf683b135f', 'status': 'uptodate'}, {'url': 'https://images.unsplash.com/photo-1526536226252-e5ad61c72020?fm=jpg&amp;q=60&amp;w=3000&amp;ixlib=rb-4.0.3&amp;ixid=M3wxMjA3fDB8MHxjb2xsZWN0aW9uLXRodW1ibmFpbHx8MzMzMjAwfHxlbnwwfHx8fHw%3D', 'path': 'full/a2b6465dc0957ff7f6e4c9135bb12ba6eea2ba80.jpg', 'checksum': '637311aa963c9b84ac3ca50a21437d54', 'status': 'uptodate'}, {'url': 'https://images.unsplash.com/photo-1521633285489-5ad960964604?fm=jpg&amp;q=60&amp;w=3000&amp;ixlib=rb-4.0.3&amp;ixid=M3wxMjA3fDB8MHxjb2xsZWN0aW9uLXRodW1ibmFpbHx8MzMzMjAwfHxlbnwwfHx8fHw%3D', 'path': 'full/3da17539b588681c39e8524faebd7e16a3ee7089.jpg', 'checksum': '0d5160f7dd0fb3aa5f5defc5ae954294', 'status': 'uptodate'}, {'url': 'https://images.unsplash.com/photo-1520817562974-beb0c85c2842?fm=jpg&amp;q=60&amp;w=3000&amp;ixlib=rb-4.0.3&amp;ixid=M3wxMjA3fDB8MHxjb2xsZWN0aW9uLXRodW1ibmFpbHx8MzMzMjAwfHxlbnwwfHx8fHw%3D', 'path': 'full/d3a5d130b6e3a686a36e6c44b56276432a8b339d.jpg', 'checksum': '798c8d166cf2baf11a10c6ccbb218c25', 'status': 'uptodate'}, {'url': 'https://images.unsplash.com/photo-1581090464777-f3220bbe1b8b?fm=jpg&amp;q=60&amp;w=3000&amp;ixlib=rb-4.0.3&amp;ixid=M3wxMjA3fDB8MHxjb2xsZWN0aW9uLXRodW1ibmFpbHx8MzQ1NzU4fHxlbnwwfHx8fHw%3D', 'path': 'full/6f430d0810c148fd338dcc3afa43b755a8cfb675.jpg', 'checksum': 'ae2a2d7e4d0330145a4c1ab13504da44', 'status': 'uptodate'}, {'url': 'https://images.unsplash.com/photo-1587278163304-99d65f6a58f0?fm=jpg&amp;q=60&amp;w=3000&amp;ixlib=rb-4.0.3&amp;ixid=M3wxMjA3fDB8MHxjb2xsZWN0aW9uLXRodW1ibmFpbHx8MzQ1NzU4fHxlbnwwfHx8fHw%3D', 'path': 'full/1152bbc1e94a555c531804fcf4320183953a393c.jpg', 'checksum': '07aa801ec9e1a9c9e826f2b4c1f6d16d', 'status': 'uptodate'}, {'url': 'https://images.unsplash.com/photo-1584036561566-baf8f5f1b144?fm=jpg&amp;q=60&amp;w=3000&amp;ixlib=rb-4.0.3&amp;ixid=M3wxMjA3fDB8MHxjb2xsZWN0aW9uLXRodW1ibmFpbHx8MzQ1NzU4fHxlbnwwfHx8fHw%3D', 'path': 'full/340b827f4b621590f5454f8820ca9e889a0dc852.jpg', 'checksum': '9453a96d70fbaa55b4a775c2aa62100c', 'status': 'uptodate'}, {'url': 'https://images.unsplash.com/photo-1718380085865-e1b247a8dbbf?fm=jpg&amp;q=60&amp;w=3000&amp;ixlib=rb-4.0.3&amp;ixid=M3wxMjA3fDB8MHxjb2xsZWN0aW9uLXRodW1ibmFpbHx8ODc0Mzc2MjB8fGVufDB8fHx8fA%3D%3D', 'path': 'full/857e07f22df25427d2f5fe245648d51a8100db66.jpg', 'checksum': 'e01ca4010263528c2372be169c9abbf1', 'status': 'uptodate'}, {'url': 'https://images.unsplash.com/photo-1711558025413-6fea19d86fc5?fm=jpg&amp;q=60&amp;w=3000&amp;ixlib=rb-4.0.3&amp;ixid=M3wxMjA3fDB8MHxjb2xsZWN0aW9uLXRodW1ibmFpbHx8ODc0Mzc2MjB8fGVufDB8fHx8fA%3D%3D', 'path': 'full/9f3bcae2f4d250fc8d199b0948d94fc4c4ecc744.jpg', 'checksum': '856a7ea41c9d7f70418da4e4cea10f90', 'status': 'uptodate'}, {'url': 'https://images.unsplash.com/photo-1593105388304-4d8bc2bf1b42?fm=jpg&amp;q=60&amp;w=3000&amp;ixlib=rb-4.0.3&amp;ixid=M3wxMjA3fDB8MHxjb2xsZWN0aW9uLXRodW1ibmFpbHx8ODc0Mzc2MjB8fGVufDB8fHx8fA%3D%3D', 'path': 'full/f8a4bcb3d58546b63595cb92c407de5a035a8aef.jpg', 'checksum': '2d4a9b6137795570eb32cf2d53420ad5', 'status': 'uptodate'}]",https://unsplash.com/photos/multicolored-abstract-painting-QwoNAhbmLLo
